Case ID,Label,Cumduration_2_M,Cumduration_2_L,Cumduration_2_S,Cumduration_2_LL,Duration_2_M,Duration_2_L,Duration_2_S,Duration_2_LL
2742737,0,0.29408999999999974,0.7059100000000003,0.0,0.0,0.29408999999999974,0.7059100000000003,0.0,0.0
2771451,1,0.6196200000000003,0.3803799999999997,0.0,0.0,0.6196200000000003,0.3803799999999997,0.0,0.0
2782209,0,1.0,0.0,0.0,0.0,1.0,0.0,0.0,0.0
2783345,0,1.0,0.0,0.0,0.0,1.0,0.0,0.0,0.0
2794023,0,0.9653099999999997,0.0,0.03469000000000033,0.0,0.9653099999999997,0.0,0.03469000000000033,0.0
2797217,0,0.6218699999999999,0.0,0.3781300000000001,0.0,0.6218699999999999,0.0,0.3781300000000001,0.0
2802160,0,1.0,0.0,0.0,0.0,1.0,0.0,0.0,0.0
2814003,0,0.6141300000000003,0.3858699999999997,0.0,0.0,0.6141300000000003,0.3858699999999997,0.0,0.0
2817543,1,1.0,0.0,0.0,0.0,1.0,0.0,0.0,0.0
2824783,0,0.8412000000000002,0.0,0.15879999999999983,0.0,0.8412000000000002,0.0,0.15879999999999983,0.0
2825088,0,0.9773700000000001,0.0,0.022629999999999928,0.0,0.9773700000000001,0.0,0.022629999999999928,0.0
2830183,0,0.8804400000000001,0.11955999999999989,0.0,0.0,0.8804400000000001,0.11955999999999989,0.0,0.0
2831567,0,1.0,0.0,0.0,0.0,1.0,0.0,0.0,0.0
2832460,0,0.7544399999999998,0.0,0.24556000000000022,0.0,0.7544399999999998,0.0,0.24556000000000022,0.0
2833073,0,1.0,0.0,0.0,0.0,1.0,0.0,0.0,0.0
2838476,0,1.0,0.0,0.0,0.0,1.0,0.0,0.0,0.0
2839858,0,0.8883599999999996,0.0,0.1116400000000004,0.0,0.8883599999999996,0.0,0.1116400000000004,0.0
2840219,0,0.8883599999999996,0.0,0.1116400000000004,0.0,0.8883599999999996,0.0,0.1116400000000004,0.0
2840553,0,0.8883599999999996,0.0,0.1116400000000004,0.0,0.8883599999999996,0.0,0.1116400000000004,0.0
2846764,0,1.0,0.0,0.0,0.0,1.0,0.0,0.0,0.0
2847199,0,1.0,0.0,0.0,0.0,1.0,0.0,0.0,0.0
2847603,0,1.0,0.0,0.0,0.0,1.0,0.0,0.0,0.0
2848063,0,1.0,0.0,0.0,0.0,1.0,0.0,0.0,0.0
2851738,0,1.0,0.0,0.0,0.0,1.0,0.0,0.0,0.0
2852274,0,1.0,0.0,0.0,0.0,1.0,0.0,0.0,0.0
2854000,0,1.0,0.0,0.0,0.0,1.0,0.0,0.0,0.0
2857143,0,0.8883599999999996,0.0,0.1116400000000004,0.0,0.8883599999999996,0.0,0.1116400000000004,0.0
2866083,0,1.0,0.0,0.0,0.0,1.0,0.0,0.0,0.0
2868276,0,1.0,0.0,0.0,0.0,1.0,0.0,0.0,0.0
2868714,0,1.0,0.0,0.0,0.0,1.0,0.0,0.0,0.0
2871542,0,1.0,0.0,0.0,0.0,1.0,0.0,0.0,0.0
2872584,0,1.0,0.0,0.0,0.0,1.0,0.0,0.0,0.0
2873491,0,1.0,0.0,0.0,0.0,1.0,0.0,0.0,0.0
2874224,1,1.0,0.0,0.0,0.0,1.0,0.0,0.0,0.0
2875758,0,1.0,0.0,0.0,0.0,1.0,0.0,0.0,0.0
2876753,0,0.6218699999999999,0.0,0.3781300000000001,0.0,0.6218699999999999,0.0,0.3781300000000001,0.0
2879904,0,0.0,0.0,0.0,1.0,0.0,0.0,0.0,1.0
2883285,0,0.8883599999999996,0.0,0.1116400000000004,0.0,0.8883599999999996,0.0,0.1116400000000004,0.0
2884070,0,1.0,0.0,0.0,0.0,1.0,0.0,0.0,0.0
2887729,0,1.0,0.0,0.0,0.0,1.0,0.0,0.0,0.0
2887943,1,1.0,0.0,0.0,0.0,1.0,0.0,0.0,0.0
2890437,0,1.0,0.0,0.0,0.0,1.0,0.0,0.0,0.0
2891205,0,0.7521900000000006,0.24780999999999942,0.0,0.0,0.7521900000000006,0.24780999999999942,0.0,0.0
2891719,0,0.8883599999999996,0.0,0.1116400000000004,0.0,0.8883599999999996,0.0,0.1116400000000004,0.0
2899336,1,0.8883599999999996,0.0,0.1116400000000004,0.0,0.8883599999999996,0.0,0.1116400000000004,0.0
2900428,0,0.35951999999999984,0.6404800000000002,0.0,0.0,0.35951999999999984,0.6404800000000002,0.0,0.0
2901823,0,1.0,0.0,0.0,0.0,1.0,0.0,0.0,0.0
2902319,1,1.0,0.0,0.0,0.0,1.0,0.0,0.0,0.0
2902671,1,1.0,0.0,0.0,0.0,1.0,0.0,0.0,0.0
2904023,0,1.0,0.0,0.0,0.0,1.0,0.0,0.0,0.0
2911919,0,0.8883599999999996,0.0,0.1116400000000004,0.0,0.8883599999999996,0.0,0.1116400000000004,0.0
2917203,0,0.7544399999999998,0.0,0.24556000000000022,0.0,0.7544399999999998,0.0,0.24556000000000022,0.0
2917783,0,0.7544399999999998,0.0,0.24556000000000022,0.0,0.7544399999999998,0.0,0.24556000000000022,0.0
2928203,0,1.0,0.0,0.0,0.0,1.0,0.0,0.0,0.0
2929114,0,0.7099799999999998,0.0,0.29002000000000017,0.0,0.7099799999999998,0.0,0.29002000000000017,0.0
2931527,1,1.0,0.0,0.0,0.0,1.0,0.0,0.0,0.0
2937163,1,1.0,0.0,0.0,0.0,1.0,0.0,0.0,0.0
2937457,0,0.8883599999999996,0.0,0.1116400000000004,0.0,0.8883599999999996,0.0,0.1116400000000004,0.0
2938665,0,1.0,0.0,0.0,0.0,1.0,0.0,0.0,0.0
2941603,0,0.7544399999999998,0.0,0.24556000000000022,0.0,0.7544399999999998,0.0,0.24556000000000022,0.0
2946363,0,0.7544399999999998,0.0,0.24556000000000022,0.0,0.7544399999999998,0.0,0.24556000000000022,0.0
2952306,0,0.7544399999999998,0.0,0.24556000000000022,0.0,0.7544399999999998,0.0,0.24556000000000022,0.0
2953434,0,0.8883599999999996,0.0,0.1116400000000004,0.0,0.8883599999999996,0.0,0.1116400000000004,0.0
2955625,1,0.8883599999999996,0.0,0.1116400000000004,0.0,0.8883599999999996,0.0,0.1116400000000004,0.0
2956643,0,0.7544399999999998,0.0,0.24556000000000022,0.0,0.7544399999999998,0.0,0.24556000000000022,0.0
2958289,0,1.0,0.0,0.0,0.0,1.0,0.0,0.0,0.0
2959106,0,1.0,0.0,0.0,0.0,1.0,0.0,0.0,0.0
2959723,0,1.0,0.0,0.0,0.0,1.0,0.0,0.0,0.0
2961386,0,1.0,0.0,0.0,0.0,1.0,0.0,0.0,0.0
2966696,0,1.0,0.0,0.0,0.0,1.0,0.0,0.0,0.0
2966701,1,0.4886700000000008,0.5113299999999992,0.0,0.0,0.4886700000000008,0.5113299999999992,0.0,0.0
2967618,1,0.8860200000000011,0.11397999999999886,0.0,0.0,0.8860200000000011,0.11397999999999886,0.0,0.0
2967994,0,1.0,0.0,0.0,0.0,1.0,0.0,0.0,0.0
2968803,1,1.0,0.0,0.0,0.0,1.0,0.0,0.0,0.0
2970345,0,0.6686700000000005,0.33132999999999946,0.0,0.0,0.6686700000000005,0.33132999999999946,0.0,0.0
2976090,0,0.0,0.0,0.0,1.0,0.0,0.0,0.0,1.0
2976919,1,0.6196200000000003,0.3803799999999997,0.0,0.0,0.6196200000000003,0.3803799999999997,0.0,0.0
2984277,0,0.6196200000000003,0.3803799999999997,0.0,0.0,0.6196200000000003,0.3803799999999997,0.0,0.0
2985791,0,0.8860200000000011,0.11397999999999886,0.0,0.0,0.8860200000000011,0.11397999999999886,0.0,0.0
2992191,1,0.7521900000000006,0.24780999999999942,0.0,0.0,0.7521900000000006,0.24780999999999942,0.0,0.0
2997110,0,1.0,0.0,0.0,0.0,1.0,0.0,0.0,0.0
2998479,0,1.0,0.0,0.0,0.0,1.0,0.0,0.0,0.0
2998842,1,1.0,0.0,0.0,0.0,1.0,0.0,0.0,0.0
3004257,0,1.0,0.0,0.0,0.0,1.0,0.0,0.0,0.0
3006624,0,1.0,0.0,0.0,0.0,1.0,0.0,0.0,0.0
3006903,1,1.0,0.0,0.0,0.0,1.0,0.0,0.0,0.0
3008423,0,0.5651700000000002,0.43482999999999983,0.0,0.0,0.5651700000000002,0.43482999999999983,0.0,0.0
3019065,1,0.35951999999999984,0.6404800000000002,0.0,0.0,0.35951999999999984,0.6404800000000002,0.0,0.0
3019503,1,0.4886700000000008,0.5113299999999992,0.0,0.0,0.4886700000000008,0.5113299999999992,0.0,0.0
3020566,0,1.0,0.0,0.0,0.0,1.0,0.0,0.0,0.0
3022008,1,0.6196200000000003,0.3803799999999997,0.0,0.0,0.6196200000000003,0.3803799999999997,0.0,0.0
3024669,0,1.0,0.0,0.0,0.0,1.0,0.0,0.0,0.0
3026543,1,0.8860200000000011,0.11397999999999886,0.0,0.0,0.8860200000000011,0.11397999999999886,0.0,0.0
3027880,1,1.0,0.0,0.0,0.0,1.0,0.0,0.0,0.0
3030743,0,1.0,0.0,0.0,0.0,1.0,0.0,0.0,0.0
3074788,1,1.0,0.0,0.0,0.0,1.0,0.0,0.0,0.0
3076709,0,1.0,0.0,0.0,0.0,1.0,0.0,0.0,0.0
3076883,0,0.6218699999999999,0.0,0.3781300000000001,0.0,0.6218699999999999,0.0,0.3781300000000001,0.0
3084709,0,0.8883599999999996,0.0,0.1116400000000004,0.0,0.8883599999999996,0.0,0.1116400000000004,0.0
3085645,0,1.0,0.0,0.0,0.0,1.0,0.0,0.0,0.0
3086223,0,0.7544399999999998,0.0,0.24556000000000022,0.0,0.7544399999999998,0.0,0.24556000000000022,0.0
3087387,1,1.0,0.0,0.0,0.0,1.0,0.0,0.0,0.0
3087612,1,1.0,0.0,0.0,0.0,1.0,0.0,0.0,0.0
3088519,1,1.0,0.0,0.0,0.0,1.0,0.0,0.0,0.0
3095793,0,1.0,0.0,0.0,0.0,1.0,0.0,0.0,0.0
3097714,1,1.0,0.0,0.0,0.0,1.0,0.0,0.0,0.0
3100699,1,0.6218699999999999,0.0,0.3781300000000001,0.0,0.6218699999999999,0.0,0.3781300000000001,0.0
3101255,0,1.0,0.0,0.0,0.0,1.0,0.0,0.0,0.0
3103213,1,1.0,0.0,0.0,0.0,1.0,0.0,0.0,0.0
3107031,0,0.8883599999999996,0.0,0.1116400000000004,0.0,0.8883599999999996,0.0,0.1116400000000004,0.0
3113605,1,1.0,0.0,0.0,0.0,1.0,0.0,0.0,0.0
3115575,0,1.0,0.0,0.0,0.0,1.0,0.0,0.0,0.0
3116141,1,0.6218699999999999,0.0,0.3781300000000001,0.0,0.6218699999999999,0.0,0.3781300000000001,0.0
3119614,0,1.0,0.0,0.0,0.0,1.0,0.0,0.0,0.0
3123689,1,1.0,0.0,0.0,0.0,1.0,0.0,0.0,0.0
3124011,0,1.0,0.0,0.0,0.0,1.0,0.0,0.0,0.0
3130787,1,1.0,0.0,0.0,0.0,1.0,0.0,0.0,0.0
3132548,0,1.0,0.0,0.0,0.0,1.0,0.0,0.0,0.0
3135870,0,0.0,0.0,0.0,1.0,0.0,0.0,0.0,1.0
3142055,0,0.6218699999999999,0.0,0.3781300000000001,0.0,0.6218699999999999,0.0,0.3781300000000001,0.0
3143683,0,1.0,0.0,0.0,0.0,1.0,0.0,0.0,0.0
3148308,0,1.0,0.0,0.0,0.0,1.0,0.0,0.0,0.0
3149735,0,1.0,0.0,0.0,0.0,1.0,0.0,0.0,0.0
3151204,0,0.7521900000000006,0.24780999999999942,0.0,0.0,0.7521900000000006,0.24780999999999942,0.0,0.0
3153211,0,0.6218699999999999,0.0,0.3781300000000001,0.0,0.6218699999999999,0.0,0.3781300000000001,0.0
3166820,0,1.0,0.0,0.0,0.0,1.0,0.0,0.0,0.0
3167203,0,0.23226000000000102,0.767739999999999,0.0,0.0,0.23226000000000102,0.767739999999999,0.0,0.0
3168727,0,1.0,0.0,0.0,0.0,1.0,0.0,0.0,0.0
3169120,0,1.0,0.0,0.0,0.0,1.0,0.0,0.0,0.0
3169326,0,1.0,0.0,0.0,0.0,1.0,0.0,0.0,0.0
3172017,0,1.0,0.0,0.0,0.0,1.0,0.0,0.0,0.0
3174008,0,1.0,0.0,0.0,0.0,1.0,0.0,0.0,0.0
3178187,0,1.0,0.0,0.0,0.0,1.0,0.0,0.0,0.0
3178568,0,1.0,0.0,0.0,0.0,1.0,0.0,0.0,0.0
3179947,0,1.0,0.0,0.0,0.0,1.0,0.0,0.0,0.0
3184036,1,1.0,0.0,0.0,0.0,1.0,0.0,0.0,0.0
3188265,0,0.0,1.0,0.0,0.0,0.0,1.0,0.0,0.0
3197502,0,0.23226000000000102,0.767739999999999,0.0,0.0,0.23226000000000102,0.767739999999999,0.0,0.0
3200492,0,0.4886700000000008,0.5113299999999992,0.0,0.0,0.4886700000000008,0.5113299999999992,0.0,0.0
3207862,0,1.0,0.0,0.0,0.0,1.0,0.0,0.0,0.0
3218827,1,0.8883599999999996,0.0,0.1116400000000004,0.0,0.8883599999999996,0.0,0.1116400000000004,0.0
3219826,0,0.35951999999999984,0.6404800000000002,0.0,0.0,0.35951999999999984,0.6404800000000002,0.0,0.0
3225456,0,0.7521900000000006,0.24780999999999942,0.0,0.0,0.7521900000000006,0.24780999999999942,0.0,0.0
3232189,0,0.528360000000001,0.47163999999999895,0.0,0.0,0.528360000000001,0.47163999999999895,0.0,0.0
3234466,0,1.0,0.0,0.0,0.0,1.0,0.0,0.0,0.0
3237542,0,0.6196200000000003,0.3803799999999997,0.0,0.0,0.6196200000000003,0.3803799999999997,0.0,0.0
3238727,1,0.7971900000000005,0.2028099999999995,0.0,0.0,0.7971900000000005,0.2028099999999995,0.0,0.0
3248466,0,0.78918,0.21082,0.0,0.0,0.78918,0.21082,0.0,0.0
3256221,0,0.6218699999999999,0.0,0.3781300000000001,0.0,0.6218699999999999,0.0,0.3781300000000001,0.0
3257628,0,1.0,0.0,0.0,0.0,1.0,0.0,0.0,0.0
3257848,0,0.6218699999999999,0.0,0.3781300000000001,0.0,0.6218699999999999,0.0,0.3781300000000001,0.0
3258671,0,0.6218699999999999,0.0,0.3781300000000001,0.0,0.6218699999999999,0.0,0.3781300000000001,0.0
3262171,0,1.0,0.0,0.0,0.0,1.0,0.0,0.0,0.0
3264192,1,0.6196200000000003,0.3803799999999997,0.0,0.0,0.6196200000000003,0.3803799999999997,0.0,0.0
3265011,0,0.6196200000000003,0.3803799999999997,0.0,0.0,0.6196200000000003,0.3803799999999997,0.0,0.0
3280093,0,0.40128000000000075,0.5987199999999993,0.0,0.0,0.40128000000000075,0.5987199999999993,0.0,0.0
3282104,0,0.7521900000000006,0.24780999999999942,0.0,0.0,0.7521900000000006,0.24780999999999942,0.0,0.0
3286102,0,0.8883599999999996,0.0,0.1116400000000004,0.0,0.8883599999999996,0.0,0.1116400000000004,0.0
3288710,0,0.4940699999999998,0.5059300000000002,0.0,0.0,0.4940699999999998,0.5059300000000002,0.0,0.0
3289530,0,0.4940699999999998,0.5059300000000002,0.0,0.0,0.4940699999999998,0.5059300000000002,0.0,0.0
3290567,0,0.7577699999999998,0.24223000000000017,0.0,0.0,0.7577699999999998,0.24223000000000017,0.0,0.0
3292122,0,1.0,0.0,0.0,0.0,1.0,0.0,0.0,0.0
3292457,0,1.0,0.0,0.0,0.0,1.0,0.0,0.0,0.0
3298841,0,0.23757000000000073,0.7624299999999993,0.0,0.0,0.23757000000000073,0.7624299999999993,0.0,0.0
3301142,0,0.4940699999999998,0.5059300000000002,0.0,0.0,0.4940699999999998,0.5059300000000002,0.0,0.0
3303053,0,1.0,0.0,0.0,0.0,1.0,0.0,0.0,0.0
3305073,0,1.0,0.0,0.0,0.0,1.0,0.0,0.0,0.0
3306586,1,1.0,0.0,0.0,0.0,1.0,0.0,0.0,0.0
3307452,1,0.8371500000000003,0.0,0.16284999999999972,0.0,0.8371500000000003,0.0,0.16284999999999972,0.0
3309306,0,1.0,0.0,0.0,0.0,1.0,0.0,0.0,0.0
3311607,0,0.0,1.0,0.0,0.0,0.0,1.0,0.0,0.0
3319822,0,1.0,0.0,0.0,0.0,1.0,0.0,0.0,0.0
3320493,1,1.0,0.0,0.0,0.0,1.0,0.0,0.0,0.0
3322058,0,1.0,0.0,0.0,0.0,1.0,0.0,0.0,0.0
3326569,1,0.9317400000000005,0.06825999999999954,0.0,0.0,0.9317400000000005,0.06825999999999954,0.0,0.0
3327777,1,1.0,0.0,0.0,0.0,1.0,0.0,0.0,0.0
3330161,0,1.0,0.0,0.0,0.0,1.0,0.0,0.0,0.0
3332479,0,1.0,0.0,0.0,0.0,1.0,0.0,0.0,0.0
3334456,1,0.7521900000000006,0.24780999999999942,0.0,0.0,0.7521900000000006,0.24780999999999942,0.0,0.0
3334996,0,0.10724999999999962,0.8927500000000004,0.0,0.0,0.10724999999999962,0.8927500000000004,0.0,0.0
3356696,0,0.8883599999999996,0.0,0.1116400000000004,0.0,0.8883599999999996,0.0,0.1116400000000004,0.0
3359665,1,1.0,0.0,0.0,0.0,1.0,0.0,0.0,0.0
3371671,0,0.6218699999999999,0.0,0.3781300000000001,0.0,0.6218699999999999,0.0,0.3781300000000001,0.0
3372409,0,0.5402400000000007,0.4597599999999993,0.0,0.0,0.5402400000000007,0.4597599999999993,0.0,0.0
3376725,1,1.0,0.0,0.0,0.0,1.0,0.0,0.0,0.0
3378302,0,0.6218699999999999,0.0,0.3781300000000001,0.0,0.6218699999999999,0.0,0.3781300000000001,0.0
3382109,0,0.7544399999999998,0.0,0.24556000000000022,0.0,0.7544399999999998,0.0,0.24556000000000022,0.0
3383684,1,0.7544399999999998,0.0,0.24556000000000022,0.0,0.7544399999999998,0.0,0.24556000000000022,0.0
3387527,0,1.0,0.0,0.0,0.0,1.0,0.0,0.0,0.0
3388444,0,1.0,0.0,0.0,0.0,1.0,0.0,0.0,0.0
3388781,1,1.0,0.0,0.0,0.0,1.0,0.0,0.0,0.0
3396308,0,1.0,0.0,0.0,0.0,1.0,0.0,0.0,0.0
3396537,0,1.0,0.0,0.0,0.0,1.0,0.0,0.0,0.0
3399381,0,1.0,0.0,0.0,0.0,1.0,0.0,0.0,0.0
3399416,0,1.0,0.0,0.0,0.0,1.0,0.0,0.0,0.0
3401947,0,1.0,0.0,0.0,0.0,1.0,0.0,0.0,0.0
3407887,0,1.0,0.0,0.0,0.0,1.0,0.0,0.0,0.0
3410972,0,0.4886700000000008,0.5113299999999992,0.0,0.0,0.4886700000000008,0.5113299999999992,0.0,0.0
3415302,0,0.35951999999999984,0.6404800000000002,0.0,0.0,0.35951999999999984,0.6404800000000002,0.0,0.0
3415876,0,0.27366000000000046,0.7263399999999995,0.0,0.0,0.27366000000000046,0.7263399999999995,0.0,0.0
3423564,0,1.0,0.0,0.0,0.0,1.0,0.0,0.0,0.0
3429163,0,0.7521900000000006,0.24780999999999942,0.0,0.0,0.7521900000000006,0.24780999999999942,0.0,0.0
3429524,0,1.0,0.0,0.0,0.0,1.0,0.0,0.0,0.0
3429856,0,1.0,0.0,0.0,0.0,1.0,0.0,0.0,0.0
3430762,0,1.0,0.0,0.0,0.0,1.0,0.0,0.0,0.0
3438592,0,1.0,0.0,0.0,0.0,1.0,0.0,0.0,0.0
3438908,1,1.0,0.0,0.0,0.0,1.0,0.0,0.0,0.0
3439233,0,1.0,0.0,0.0,0.0,1.0,0.0,0.0,0.0
3443689,0,1.0,0.0,0.0,0.0,1.0,0.0,0.0,0.0
3445877,1,1.0,0.0,0.0,0.0,1.0,0.0,0.0,0.0
3449448,1,1.0,0.0,0.0,0.0,1.0,0.0,0.0,0.0
3451503,0,1.0,0.0,0.0,0.0,1.0,0.0,0.0,0.0
3452185,0,1.0,0.0,0.0,0.0,1.0,0.0,0.0,0.0
3452584,0,1.0,0.0,0.0,0.0,1.0,0.0,0.0,0.0
3453014,1,1.0,0.0,0.0,0.0,1.0,0.0,0.0,0.0
3456494,0,1.0,0.0,0.0,0.0,1.0,0.0,0.0,0.0
3457452,0,1.0,0.0,0.0,0.0,1.0,0.0,0.0,0.0
3457575,0,1.0,0.0,0.0,0.0,1.0,0.0,0.0,0.0
3458528,0,1.0,0.0,0.0,0.0,1.0,0.0,0.0,0.0
3459618,0,0.9757499999999997,0.0,0.024250000000000327,0.0,0.9757499999999997,0.0,0.024250000000000327,0.0
3460499,0,1.0,0.0,0.0,0.0,1.0,0.0,0.0,0.0
3462821,0,1.0,0.0,0.0,0.0,1.0,0.0,0.0,0.0
3464965,0,1.0,0.0,0.0,0.0,1.0,0.0,0.0,0.0
3465207,0,0.6218699999999999,0.0,0.3781300000000001,0.0,0.6218699999999999,0.0,0.3781300000000001,0.0
3467305,0,0.6218699999999999,0.0,0.3781300000000001,0.0,0.6218699999999999,0.0,0.3781300000000001,0.0
3469330,0,0.4886700000000008,0.5113299999999992,0.0,0.0,0.4886700000000008,0.5113299999999992,0.0,0.0
3479896,1,0.8860200000000011,0.11397999999999886,0.0,0.0,0.8860200000000011,0.11397999999999886,0.0,0.0
3483673,0,0.6218699999999999,0.0,0.3781300000000001,0.0,0.6218699999999999,0.0,0.3781300000000001,0.0
3486557,1,0.6196200000000003,0.3803799999999997,0.0,0.0,0.6196200000000003,0.3803799999999997,0.0,0.0
3487733,0,1.0,0.0,0.0,0.0,1.0,0.0,0.0,0.0
3488197,0,0.6196200000000003,0.3803799999999997,0.0,0.0,0.6196200000000003,0.3803799999999997,0.0,0.0
3493361,0,0.6218699999999999,0.0,0.3781300000000001,0.0,0.6218699999999999,0.0,0.3781300000000001,0.0
3494154,1,0.6218699999999999,0.0,0.3781300000000001,0.0,0.6218699999999999,0.0,0.3781300000000001,0.0
3499242,1,0.0,1.0,0.0,0.0,0.0,1.0,0.0,0.0
3500950,0,0.0,0.0,0.0,1.0,0.0,0.0,0.0,1.0
3506166,0,1.0,0.0,0.0,0.0,1.0,0.0,0.0,0.0
3508609,0,0.6218699999999999,0.0,0.3781300000000001,0.0,0.6218699999999999,0.0,0.3781300000000001,0.0
3508962,0,1.0,0.0,0.0,0.0,1.0,0.0,0.0,0.0
3519182,0,0.6218699999999999,0.0,0.3781300000000001,0.0,0.6218699999999999,0.0,0.3781300000000001,0.0
3529170,0,1.0,0.0,0.0,0.0,1.0,0.0,0.0,0.0
3531457,0,1.0,0.0,0.0,0.0,1.0,0.0,0.0,0.0
3533366,0,0.7544399999999998,0.0,0.24556000000000022,0.0,0.7544399999999998,0.0,0.24556000000000022,0.0
3537750,0,0.8883599999999996,0.0,0.1116400000000004,0.0,0.8883599999999996,0.0,0.1116400000000004,0.0
3538577,0,0.8442600000000002,0.0,0.15573999999999977,0.0,0.8442600000000002,0.0,0.15573999999999977,0.0
3542272,0,0.6218699999999999,0.0,0.3781300000000001,0.0,0.6218699999999999,0.0,0.3781300000000001,0.0
3559653,0,1.0,0.0,0.0,0.0,1.0,0.0,0.0,0.0
3564895,0,0.0,0.0,0.0,1.0,0.0,0.0,0.0,1.0
3566460,0,1.0,0.0,0.0,0.0,1.0,0.0,0.0,0.0
3582795,0,1.0,0.0,0.0,0.0,1.0,0.0,0.0,0.0
3582804,1,1.0,0.0,0.0,0.0,1.0,0.0,0.0,0.0
3588647,1,1.0,0.0,0.0,0.0,1.0,0.0,0.0,0.0
3594775,1,1.0,0.0,0.0,0.0,1.0,0.0,0.0,0.0
3596349,1,1.0,0.0,0.0,0.0,1.0,0.0,0.0,0.0
3597184,0,1.0,0.0,0.0,0.0,1.0,0.0,0.0,0.0
3598533,1,1.0,0.0,0.0,0.0,1.0,0.0,0.0,0.0
3601105,0,1.0,0.0,0.0,0.0,1.0,0.0,0.0,0.0
3604677,1,0.831570000000001,0.16842999999999897,0.0,0.0,0.831570000000001,0.16842999999999897,0.0,0.0
3606917,0,0.9579300000000002,0.04206999999999983,0.0,0.0,0.9579300000000002,0.04206999999999983,0.0,0.0
3606967,0,1.0,0.0,0.0,0.0,1.0,0.0,0.0,0.0
3608589,0,1.0,0.0,0.0,0.0,1.0,0.0,0.0,0.0
3611865,0,1.0,0.0,0.0,0.0,1.0,0.0,0.0,0.0
3613048,0,1.0,0.0,0.0,0.0,1.0,0.0,0.0,0.0
3619782,1,1.0,0.0,0.0,0.0,1.0,0.0,0.0,0.0
3620200,0,1.0,0.0,0.0,0.0,1.0,0.0,0.0,0.0
3621629,0,1.0,0.0,0.0,0.0,1.0,0.0,0.0,0.0
3622039,0,1.0,0.0,0.0,0.0,1.0,0.0,0.0,0.0
3624878,0,0.9703500000000007,0.029649999999999288,0.0,0.0,0.9703500000000007,0.029649999999999288,0.0,0.0
3626809,0,1.0,0.0,0.0,0.0,1.0,0.0,0.0,0.0
3628077,0,1.0,0.0,0.0,0.0,1.0,0.0,0.0,0.0
3633953,0,1.0,0.0,0.0,0.0,1.0,0.0,0.0,0.0
3637906,0,1.0,0.0,0.0,0.0,1.0,0.0,0.0,0.0
3642802,1,0.6926100000000011,0.30738999999999894,0.0,0.0,0.6926100000000011,0.30738999999999894,0.0,0.0
3644413,0,0.4146900000000002,0.5853099999999998,0.0,0.0,0.4146900000000002,0.5853099999999998,0.0,0.0
3645961,0,1.0,0.0,0.0,0.0,1.0,0.0,0.0,0.0
3648178,0,0.5631000000000004,0.4368999999999996,0.0,0.0,0.5631000000000004,0.4368999999999996,0.0,0.0
3649001,1,1.0,0.0,0.0,0.0,1.0,0.0,0.0,0.0
3649878,0,1.0,0.0,0.0,0.0,1.0,0.0,0.0,0.0
3651397,0,1.0,0.0,0.0,0.0,1.0,0.0,0.0,0.0
3683339,0,1.0,0.0,0.0,0.0,1.0,0.0,0.0,0.0
3684042,0,1.0,0.0,0.0,0.0,1.0,0.0,0.0,0.0
3685684,0,1.0,0.0,0.0,0.0,1.0,0.0,0.0,0.0
3686476,0,1.0,0.0,0.0,0.0,1.0,0.0,0.0,0.0
3690553,1,0.0,1.0,0.0,0.0,0.0,1.0,0.0,0.0
3692431,0,0.0,1.0,0.0,0.0,0.0,1.0,0.0,0.0
3693886,0,0.7521900000000006,0.24780999999999942,0.0,0.0,0.7521900000000006,0.24780999999999942,0.0,0.0
3704488,0,0.0,1.0,0.0,0.0,0.0,1.0,0.0,0.0
3707973,1,0.0,1.0,0.0,0.0,0.0,1.0,0.0,0.0
3709450,0,0.0,1.0,0.0,0.0,0.0,1.0,0.0,0.0
3715655,0,0.0,1.0,0.0,0.0,0.0,1.0,0.0,0.0
3718043,0,0.0,1.0,0.0,0.0,0.0,1.0,0.0,0.0
3719678,0,0.0,1.0,0.0,0.0,0.0,1.0,0.0,0.0
3720299,0,0.0,1.0,0.0,0.0,0.0,1.0,0.0,0.0
3721542,0,0.0,1.0,0.0,0.0,0.0,1.0,0.0,0.0
3723337,0,0.7521900000000006,0.24780999999999942,0.0,0.0,0.7521900000000006,0.24780999999999942,0.0,0.0
3725165,1,0.0,1.0,0.0,0.0,0.0,1.0,0.0,0.0
3727018,0,0.0,1.0,0.0,0.0,0.0,1.0,0.0,0.0
3728500,0,0.0,1.0,0.0,0.0,0.0,1.0,0.0,0.0
3732904,0,1.0,0.0,0.0,0.0,1.0,0.0,0.0,0.0
3734326,1,0.7521900000000006,0.24780999999999942,0.0,0.0,0.7521900000000006,0.24780999999999942,0.0,0.0
3736131,0,0.40686,0.59314,0.0,0.0,0.40686,0.59314,0.0,0.0
3736900,0,0.6231299999999997,0.0,0.37687000000000026,0.0,0.6231299999999997,0.0,0.37687000000000026,0.0
3741124,1,0.0,1.0,0.0,0.0,0.0,1.0,0.0,0.0
3744251,0,0.96,0.040000000000000036,0.0,0.0,0.96,0.040000000000000036,0.0,0.0
3744998,0,1.0,0.0,0.0,0.0,1.0,0.0,0.0,0.0
3745805,1,1.0,0.0,0.0,0.0,1.0,0.0,0.0,0.0
3746510,0,1.0,0.0,0.0,0.0,1.0,0.0,0.0,0.0
3747637,1,0.8343599999999998,0.0,0.16564000000000023,0.0,0.8343599999999998,0.0,0.16564000000000023,0.0
3748812,0,0.2760000000000007,0.7239999999999993,0.0,0.0,0.2760000000000007,0.7239999999999993,0.0,0.0
3753442,0,0.0,1.0,0.0,0.0,0.0,1.0,0.0,0.0
3754056,0,0.0,1.0,0.0,0.0,0.0,1.0,0.0,0.0
3754714,0,0.0,0.6108200000000013,0.0,0.38917999999999875,0.0,0.6108200000000013,0.0,0.38917999999999875
3755625,0,0.285540000000001,0.714459999999999,0.0,0.0,0.285540000000001,0.714459999999999,0.0,0.0
3759564,1,0.8282400000000001,0.1717599999999999,0.0,0.0,0.8282400000000001,0.1717599999999999,0.0,0.0
3768744,0,1.0,0.0,0.0,0.0,1.0,0.0,0.0,0.0
3790242,0,1.0,0.0,0.0,0.0,1.0,0.0,0.0,0.0
3803603,0,1.0,0.0,0.0,0.0,1.0,0.0,0.0,0.0
3804794,0,1.0,0.0,0.0,0.0,1.0,0.0,0.0,0.0
3820370,0,1.0,0.0,0.0,0.0,1.0,0.0,0.0,0.0
3833062,0,1.0,0.0,0.0,0.0,1.0,0.0,0.0,0.0
3833827,1,1.0,0.0,0.0,0.0,1.0,0.0,0.0,0.0
3834561,0,0.4886700000000008,0.5113299999999992,0.0,0.0,0.4886700000000008,0.5113299999999992,0.0,0.0
3837125,0,0.0,0.002060000000001061,0.0,0.9979399999999989,0.0,0.002060000000001061,0.0,0.9979399999999989
3837737,0,0.6224100000000004,0.0,0.37758999999999965,0.0,0.6224100000000004,0.0,0.37758999999999965,0.0
3838356,0,1.0,0.0,0.0,0.0,1.0,0.0,0.0,0.0
3850331,0,0.5632800000000007,0.43671999999999933,0.0,0.0,0.5632800000000007,0.43671999999999933,0.0,0.0
3851157,0,0.9734099999999999,0.0,0.026590000000000114,0.0,0.9734099999999999,0.0,0.026590000000000114,0.0
3851782,0,0.96054,0.03946000000000005,0.0,0.0,0.96054,0.03946000000000005,0.0,0.0
3852444,0,1.0,0.0,0.0,0.0,1.0,0.0,0.0,0.0
3853149,0,1.0,0.0,0.0,0.0,1.0,0.0,0.0,0.0
3854674,1,1.0,0.0,0.0,0.0,1.0,0.0,0.0,0.0
3859670,0,1.0,0.0,0.0,0.0,1.0,0.0,0.0,0.0
3862810,1,1.0,0.0,0.0,0.0,1.0,0.0,0.0,0.0
3865040,0,1.0,0.0,0.0,0.0,1.0,0.0,0.0,0.0
3866152,0,1.0,0.0,0.0,0.0,1.0,0.0,0.0,0.0
3867254,0,0.9614400000000001,0.0,0.03855999999999993,0.0,0.9614400000000001,0.0,0.03855999999999993,0.0
3877877,1,1.0,0.0,0.0,0.0,1.0,0.0,0.0,0.0
3886319,0,0.6225,0.0,0.37749999999999995,0.0,0.6225,0.0,0.37749999999999995,0.0
3886793,0,1.0,0.0,0.0,0.0,1.0,0.0,0.0,0.0
3888328,0,0.6222300000000001,0.0,0.37776999999999994,0.0,0.6222300000000001,0.0,0.37776999999999994,0.0
3905172,0,0.9436200000000001,0.0,0.056379999999999875,0.0,0.9436200000000001,0.0,0.056379999999999875,0.0
3906593,1,0.8231099999999998,0.0,0.1768900000000002,0.0,0.8231099999999998,0.0,0.1768900000000002,0.0
3912651,1,1.0,0.0,0.0,0.0,1.0,0.0,0.0,0.0
3917650,0,0.6219600000000001,0.0,0.37803999999999993,0.0,0.6219600000000001,0.0,0.37803999999999993,0.0
3930617,0,0.95505,0.0,0.044950000000000045,0.0,0.95505,0.0,0.044950000000000045,0.0
3933818,0,0.95838,0.0,0.04161999999999999,0.0,0.95838,0.0,0.04161999999999999,0.0
3934376,1,0.8271600000000001,0.0,0.17283999999999988,0.0,0.8271600000000001,0.0,0.17283999999999988,0.0
3936846,0,1.0,0.0,0.0,0.0,1.0,0.0,0.0,0.0
3944991,0,0.9497399999999998,0.0,0.05026000000000019,0.0,0.9497399999999998,0.0,0.05026000000000019,0.0
3946917,0,0.6234000000000002,0.0,0.3765999999999998,0.0,0.6234000000000002,0.0,0.3765999999999998,0.0
3956795,0,0.9608099999999999,0.0,0.03919000000000006,0.0,0.9608099999999999,0.0,0.03919000000000006,0.0
3959188,0,1.0,0.0,0.0,0.0,1.0,0.0,0.0,0.0
3961131,0,0.9735,0.0,0.026499999999999968,0.0,0.9735,0.0,0.026499999999999968,0.0
3971688,0,1.0,0.0,0.0,0.0,1.0,0.0,0.0,0.0
3983056,0,1.0,0.0,0.0,0.0,1.0,0.0,0.0,0.0
3985429,0,0.2895000000000012,0.7104999999999988,0.0,0.0,0.2895000000000012,0.7104999999999988,0.0,0.0
3987090,0,1.0,0.0,0.0,0.0,1.0,0.0,0.0,0.0
3989495,0,1.0,0.0,0.0,0.0,1.0,0.0,0.0,0.0
3990464,1,0.81447,0.0,0.18552999999999997,0.0,0.81447,0.0,0.18552999999999997,0.0
3995764,0,1.0,0.0,0.0,0.0,1.0,0.0,0.0,0.0
3996339,0,1.0,0.0,0.0,0.0,1.0,0.0,0.0,0.0
3998742,1,1.0,0.0,0.0,0.0,1.0,0.0,0.0,0.0
3999520,0,0.6223200000000002,0.0,0.3776799999999998,0.0,0.6223200000000002,0.0,0.3776799999999998,0.0
4000849,0,1.0,0.0,0.0,0.0,1.0,0.0,0.0,0.0
4002474,0,0.6220499999999998,0.0,0.37795000000000023,0.0,0.6220499999999998,0.0,0.37795000000000023,0.0
4018622,0,1.0,0.0,0.0,0.0,1.0,0.0,0.0,0.0
4022302,0,1.0,0.0,0.0,0.0,1.0,0.0,0.0,0.0
4023204,0,1.0,0.0,0.0,0.0,1.0,0.0,0.0,0.0
4024862,0,1.0,0.0,0.0,0.0,1.0,0.0,0.0,0.0
4029139,0,1.0,0.0,0.0,0.0,1.0,0.0,0.0,0.0
4049993,1,1.0,0.0,0.0,0.0,1.0,0.0,0.0,0.0
4053702,0,0.8365200000000002,0.0,0.16347999999999985,0.0,0.8365200000000002,0.0,0.16347999999999985,0.0
4054927,0,0.9760200000000001,0.0,0.02397999999999989,0.0,0.9760200000000001,0.0,0.02397999999999989,0.0
4059516,0,1.0,0.0,0.0,0.0,1.0,0.0,0.0,0.0
4059770,0,1.0,0.0,0.0,0.0,1.0,0.0,0.0,0.0
4060600,0,0.9541500000000003,0.045849999999999724,0.0,0.0,0.9541500000000003,0.045849999999999724,0.0,0.0
4062624,0,1.0,0.0,0.0,0.0,1.0,0.0,0.0,0.0
4064822,0,1.0,0.0,0.0,0.0,1.0,0.0,0.0,0.0
4074896,0,1.0,0.0,0.0,0.0,1.0,0.0,0.0,0.0
4082292,0,1.0,0.0,0.0,0.0,1.0,0.0,0.0,0.0
4088369,0,1.0,0.0,0.0,0.0,1.0,0.0,0.0,0.0
4089231,0,1.0,0.0,0.0,0.0,1.0,0.0,0.0,0.0
4095381,0,1.0,0.0,0.0,0.0,1.0,0.0,0.0,0.0
4106295,1,1.0,0.0,0.0,0.0,1.0,0.0,0.0,0.0
4106740,0,1.0,0.0,0.0,0.0,1.0,0.0,0.0,0.0
4108657,0,1.0,0.0,0.0,0.0,1.0,0.0,0.0,0.0
4119215,0,1.0,0.0,0.0,0.0,1.0,0.0,0.0,0.0
4121217,0,1.0,0.0,0.0,0.0,1.0,0.0,0.0,0.0
4122485,0,1.0,0.0,0.0,0.0,1.0,0.0,0.0,0.0
4123895,0,1.0,0.0,0.0,0.0,1.0,0.0,0.0,0.0
4126409,0,0.7413000000000003,0.0,0.2586999999999997,0.0,0.7413000000000003,0.0,0.2586999999999997,0.0
4131861,0,1.0,0.0,0.0,0.0,1.0,0.0,0.0,0.0
4136476,1,0.8052900000000003,0.0,0.19470999999999972,0.0,0.8052900000000003,0.0,0.19470999999999972,0.0
4154353,0,0.6226799999999999,0.0,0.3773200000000001,0.0,0.6226799999999999,0.0,0.3773200000000001,0.0
4155126,0,0.6219600000000001,0.0,0.37803999999999993,0.0,0.6219600000000001,0.0,0.37803999999999993,0.0
4179549,0,1.0,0.0,0.0,0.0,1.0,0.0,0.0,0.0
4181492,1,1.0,0.0,0.0,0.0,1.0,0.0,0.0,0.0
4182708,0,1.0,0.0,0.0,0.0,1.0,0.0,0.0,0.0
4184598,0,1.0,0.0,0.0,0.0,1.0,0.0,0.0,0.0
4185583,0,1.0,0.0,0.0,0.0,1.0,0.0,0.0,0.0
4187307,0,1.0,0.0,0.0,0.0,1.0,0.0,0.0,0.0
4189633,0,1.0,0.0,0.0,0.0,1.0,0.0,0.0,0.0
4190319,1,1.0,0.0,0.0,0.0,1.0,0.0,0.0,0.0
4192414,1,1.0,0.0,0.0,0.0,1.0,0.0,0.0,0.0
4195381,0,1.0,0.0,0.0,0.0,1.0,0.0,0.0,0.0
4235729,0,1.0,0.0,0.0,0.0,1.0,0.0,0.0,0.0
4239070,0,1.0,0.0,0.0,0.0,1.0,0.0,0.0,0.0
4242727,0,1.0,0.0,0.0,0.0,1.0,0.0,0.0,0.0
4257337,0,0.94686,0.0,0.053139999999999965,0.0,0.94686,0.0,0.053139999999999965,0.0
4273727,0,1.0,0.0,0.0,0.0,1.0,0.0,0.0,0.0
4290084,1,1.0,0.0,0.0,0.0,1.0,0.0,0.0,0.0
4292909,0,1.0,0.0,0.0,0.0,1.0,0.0,0.0,0.0
4295300,0,1.0,0.0,0.0,0.0,1.0,0.0,0.0,0.0
4296905,0,1.0,0.0,0.0,0.0,1.0,0.0,0.0,0.0
4300694,0,0.6245699999999998,0.0,0.37543000000000015,0.0,0.6245699999999998,0.0,0.37543000000000015,0.0
4302151,0,0.6253800000000003,0.0,0.37461999999999973,0.0,0.6253800000000003,0.0,0.37461999999999973,0.0
4305354,1,0.9502799999999998,0.0,0.04972000000000021,0.0,0.9502799999999998,0.0,0.04972000000000021,0.0
4308848,0,1.0,0.0,0.0,0.0,1.0,0.0,0.0,0.0
4312693,0,1.0,0.0,0.0,0.0,1.0,0.0,0.0,0.0
4314099,0,1.0,0.0,0.0,0.0,1.0,0.0,0.0,0.0
4315761,0,0.8383200000000004,0.0,0.1616799999999996,0.0,0.8383200000000004,0.0,0.1616799999999996,0.0
4317392,0,0.8467800000000003,0.0,0.1532199999999997,0.0,0.8467800000000003,0.0,0.1532199999999997,0.0
4317771,0,0.62331,0.0,0.37668999999999997,0.0,0.62331,0.0,0.37668999999999997,0.0
4320126,0,1.0,0.0,0.0,0.0,1.0,0.0,0.0,0.0
4320987,0,0.9414600000000002,0.0,0.058539999999999814,0.0,0.9414600000000002,0.0,0.058539999999999814,0.0
4321601,0,1.0,0.0,0.0,0.0,1.0,0.0,0.0,0.0
4322716,0,0.9470399999999999,0.0,0.05296000000000012,0.0,0.9470399999999999,0.0,0.05296000000000012,0.0
4336128,0,0.9557700000000002,0.04422999999999977,0.0,0.0,0.9557700000000002,0.04422999999999977,0.0,0.0
4336913,0,0.9431700000000003,0.056829999999999714,0.0,0.0,0.9431700000000003,0.056829999999999714,0.0,0.0
4337049,1,0.9619800000000001,0.0,0.03801999999999994,0.0,0.9619800000000001,0.0,0.03801999999999994,0.0
4340127,0,0.6223200000000002,0.0,0.3776799999999998,0.0,0.6223200000000002,0.0,0.3776799999999998,0.0
4343199,0,0.8227500000000001,0.0,0.1772499999999999,0.0,0.8227500000000001,0.0,0.1772499999999999,0.0
4372428,0,1.0,0.0,0.0,0.0,1.0,0.0,0.0,0.0
4375473,0,1.0,0.0,0.0,0.0,1.0,0.0,0.0,0.0
4376052,0,0.9603599999999997,0.0,0.03964000000000034,0.0,0.9603599999999997,0.0,0.03964000000000034,0.0
4393000,0,1.0,0.0,0.0,0.0,1.0,0.0,0.0,0.0
4397208,0,1.0,0.0,0.0,0.0,1.0,0.0,0.0,0.0
4457188,0,1.0,0.0,0.0,0.0,1.0,0.0,0.0,0.0
4472713,0,1.0,0.0,0.0,0.0,1.0,0.0,0.0,0.0
4474902,0,0.6244800000000001,0.0,0.37551999999999985,0.0,0.6244800000000001,0.0,0.37551999999999985,0.0
4478451,0,0.81195,0.0,0.18805000000000005,0.0,0.81195,0.0,0.18805000000000005,0.0
4480821,0,1.0,0.0,0.0,0.0,1.0,0.0,0.0,0.0
4482675,0,1.0,0.0,0.0,0.0,1.0,0.0,0.0,0.0
4485682,0,1.0,0.0,0.0,0.0,1.0,0.0,0.0,0.0
4493747,0,0.8231999999999999,0.0,0.17680000000000007,0.0,0.8231999999999999,0.0,0.17680000000000007,0.0
4495310,0,1.0,0.0,0.0,0.0,1.0,0.0,0.0,0.0
4499247,0,0.8016900000000002,0.0,0.19830999999999976,0.0,0.8016900000000002,0.0,0.19830999999999976,0.0
4506906,1,1.0,0.0,0.0,0.0,1.0,0.0,0.0,0.0
4517870,1,1.0,0.0,0.0,0.0,1.0,0.0,0.0,0.0
4518489,0,0.8121299999999998,0.0,0.1878700000000002,0.0,0.8121299999999998,0.0,0.1878700000000002,0.0
4533551,0,0.8883599999999996,0.0,0.1116400000000004,0.0,0.8883599999999996,0.0,0.1116400000000004,0.0
4535320,0,0.8243699999999996,0.0,0.1756300000000004,0.0,0.8243699999999996,0.0,0.1756300000000004,0.0
4544653,0,1.0,0.0,0.0,0.0,1.0,0.0,0.0,0.0
4546478,0,1.0,0.0,0.0,0.0,1.0,0.0,0.0,0.0
4557153,0,1.0,0.0,0.0,0.0,1.0,0.0,0.0,0.0
4557918,1,1.0,0.0,0.0,0.0,1.0,0.0,0.0,0.0
4560903,1,1.0,0.0,0.0,0.0,1.0,0.0,0.0,0.0
4565008,1,0.9467699999999999,0.0,0.05323000000000011,0.0,0.9467699999999999,0.0,0.05323000000000011,0.0
4566243,0,1.0,0.0,0.0,0.0,1.0,0.0,0.0,0.0
4567702,0,0.9720599999999999,0.0,0.027940000000000076,0.0,0.9720599999999999,0.0,0.027940000000000076,0.0
4567840,1,0.9713399999999996,0.0,0.028660000000000352,0.0,0.9713399999999996,0.0,0.028660000000000352,0.0
4569458,0,0.8481300000000003,0.0,0.15186999999999973,0.0,0.8481300000000003,0.0,0.15186999999999973,0.0
4571002,0,1.0,0.0,0.0,0.0,1.0,0.0,0.0,0.0
4573766,0,0.5708400000000005,0.42915999999999954,0.0,0.0,0.5708400000000005,0.42915999999999954,0.0,0.0
4581387,0,1.0,0.0,0.0,0.0,1.0,0.0,0.0,0.0
4583906,0,1.0,0.0,0.0,0.0,1.0,0.0,0.0,0.0
4589612,0,1.0,0.0,0.0,0.0,1.0,0.0,0.0,0.0
4598588,0,1.0,0.0,0.0,0.0,1.0,0.0,0.0,0.0
4599434,1,1.0,0.0,0.0,0.0,1.0,0.0,0.0,0.0
4599544,0,1.0,0.0,0.0,0.0,1.0,0.0,0.0,0.0
4600203,0,1.0,0.0,0.0,0.0,1.0,0.0,0.0,0.0
4601407,1,1.0,0.0,0.0,0.0,1.0,0.0,0.0,0.0
4602366,1,1.0,0.0,0.0,0.0,1.0,0.0,0.0,0.0
4603631,0,1.0,0.0,0.0,0.0,1.0,0.0,0.0,0.0
4604206,0,1.0,0.0,0.0,0.0,1.0,0.0,0.0,0.0
4606518,0,1.0,0.0,0.0,0.0,1.0,0.0,0.0,0.0
4606722,0,1.0,0.0,0.0,0.0,1.0,0.0,0.0,0.0
4607510,1,0.9514499999999999,0.0,0.04855000000000009,0.0,0.9514499999999999,0.0,0.04855000000000009,0.0
4608716,0,0.9491100000000001,0.0,0.05088999999999988,0.0,0.9491100000000001,0.0,0.05088999999999988,0.0
4611018,0,0.9565800000000002,0.0,0.04341999999999979,0.0,0.9565800000000002,0.0,0.04341999999999979,0.0
4612442,0,1.0,0.0,0.0,0.0,1.0,0.0,0.0,0.0
4613132,0,0.9634200000000002,0.0,0.036579999999999835,0.0,0.9634200000000002,0.0,0.036579999999999835,0.0
4617358,1,1.0,0.0,0.0,0.0,1.0,0.0,0.0,0.0
4619896,0,1.0,0.0,0.0,0.0,1.0,0.0,0.0,0.0
4621666,0,1.0,0.0,0.0,0.0,1.0,0.0,0.0,0.0
4639383,0,1.0,0.0,0.0,0.0,1.0,0.0,0.0,0.0
4640117,0,1.0,0.0,0.0,0.0,1.0,0.0,0.0,0.0
4641166,0,1.0,0.0,0.0,0.0,1.0,0.0,0.0,0.0
4648847,0,1.0,0.0,0.0,0.0,1.0,0.0,0.0,0.0
4651550,0,1.0,0.0,0.0,0.0,1.0,0.0,0.0,0.0
4653530,1,1.0,0.0,0.0,0.0,1.0,0.0,0.0,0.0
4660602,0,0.9708899999999998,0.0,0.02911000000000019,0.0,0.9708899999999998,0.0,0.02911000000000019,0.0
4681467,1,0.9457799999999996,0.0,0.05422000000000038,0.0,0.9457799999999996,0.0,0.05422000000000038,0.0
4691712,0,1.0,0.0,0.0,0.0,1.0,0.0,0.0,0.0
4692256,0,0.8227500000000001,0.1772499999999999,0.0,0.0,0.8227500000000001,0.1772499999999999,0.0,0.0
4693493,0,1.0,0.0,0.0,0.0,1.0,0.0,0.0,0.0
4694875,0,1.0,0.0,0.0,0.0,1.0,0.0,0.0,0.0
4695582,0,1.0,0.0,0.0,0.0,1.0,0.0,0.0,0.0
4697157,0,0.3984900000000007,0.6015099999999993,0.0,0.0,0.3984900000000007,0.6015099999999993,0.0,0.0
4722030,0,1.0,0.0,0.0,0.0,1.0,0.0,0.0,0.0
4726584,0,1.0,0.0,0.0,0.0,1.0,0.0,0.0,0.0
4733021,0,0.9411,0.0,0.05889999999999995,0.0,0.9411,0.0,0.05889999999999995,0.0
4734496,1,0.9447000000000001,0.0,0.055299999999999905,0.0,0.9447000000000001,0.0,0.055299999999999905,0.0
4735426,0,1.0,0.0,0.0,0.0,1.0,0.0,0.0,0.0
4747525,0,1.0,0.0,0.0,0.0,1.0,0.0,0.0,0.0
4762141,0,0.8310300000000002,0.0,0.16896999999999984,0.0,0.8310300000000002,0.0,0.16896999999999984,0.0
4769679,0,1.0,0.0,0.0,0.0,1.0,0.0,0.0,0.0
4770968,0,1.0,0.0,0.0,0.0,1.0,0.0,0.0,0.0
4772933,0,1.0,0.0,0.0,0.0,1.0,0.0,0.0,0.0
4774824,0,0.69252,0.0,0.30748,0.0,0.69252,0.0,0.30748,0.0
4775758,0,1.0,0.0,0.0,0.0,1.0,0.0,0.0,0.0
4782403,0,1.0,0.0,0.0,0.0,1.0,0.0,0.0,0.0
4784091,0,1.0,0.0,0.0,0.0,1.0,0.0,0.0,0.0
4785864,0,1.0,0.0,0.0,0.0,1.0,0.0,0.0,0.0
4804777,0,1.0,0.0,0.0,0.0,1.0,0.0,0.0,0.0
4809047,0,1.0,0.0,0.0,0.0,1.0,0.0,0.0,0.0
4809925,0,1.0,0.0,0.0,0.0,1.0,0.0,0.0,0.0
4811268,0,1.0,0.0,0.0,0.0,1.0,0.0,0.0,0.0
4811353,0,0.97458,0.0,0.025419999999999998,0.0,0.97458,0.0,0.025419999999999998,0.0
4812285,0,0.8441700000000001,0.0,0.1558299999999999,0.0,0.8441700000000001,0.0,0.1558299999999999,0.0
4818343,1,0.9456000000000002,0.0,0.05439999999999978,0.0,0.9456000000000002,0.0,0.05439999999999978,0.0
4819576,1,0.81555,0.0,0.18445,0.0,0.81555,0.0,0.18445,0.0
4821209,0,0.7544399999999998,0.0,0.24556000000000022,0.0,0.7544399999999998,0.0,0.24556000000000022,0.0
4824215,0,1.0,0.0,0.0,0.0,1.0,0.0,0.0,0.0
4827106,0,1.0,0.0,0.0,0.0,1.0,0.0,0.0,0.0
4828477,0,1.0,0.0,0.0,0.0,1.0,0.0,0.0,0.0
4829983,0,1.0,0.0,0.0,0.0,1.0,0.0,0.0,0.0
4833387,0,1.0,0.0,0.0,0.0,1.0,0.0,0.0,0.0
4834967,1,1.0,0.0,0.0,0.0,1.0,0.0,0.0,0.0
4863262,0,0.5660699999999999,0.43393000000000015,0.0,0.0,0.5660699999999999,0.43393000000000015,0.0,0.0
4864598,0,0.9556800000000001,0.044319999999999915,0.0,0.0,0.9556800000000001,0.044319999999999915,0.0,0.0
4867412,0,1.0,0.0,0.0,0.0,1.0,0.0,0.0,0.0
4870609,0,0.9799799999999999,0.0,0.02002000000000015,0.0,0.9799799999999999,0.0,0.02002000000000015,0.0
4873044,1,0.9375,0.0,0.0625,0.0,0.9375,0.0,0.0625,0.0
4879346,1,1.0,0.0,0.0,0.0,1.0,0.0,0.0,0.0
4884917,0,1.0,0.0,0.0,0.0,1.0,0.0,0.0,0.0
4887587,0,1.0,0.0,0.0,0.0,1.0,0.0,0.0,0.0
4902429,0,1.0,0.0,0.0,0.0,1.0,0.0,0.0,0.0
4913143,0,1.0,0.0,0.0,0.0,1.0,0.0,0.0,0.0
4919677,0,1.0,0.0,0.0,0.0,1.0,0.0,0.0,0.0
4922974,0,1.0,0.0,0.0,0.0,1.0,0.0,0.0,0.0
4927964,1,1.0,0.0,0.0,0.0,1.0,0.0,0.0,0.0
4933123,1,1.0,0.0,0.0,0.0,1.0,0.0,0.0,0.0
4934754,0,0.80844,0.0,0.19155999999999995,0.0,0.80844,0.0,0.19155999999999995,0.0
4945924,0,0.8277000000000001,0.0,0.1722999999999999,0.0,0.8277000000000001,0.0,0.1722999999999999,0.0
4949276,1,1.0,0.0,0.0,0.0,1.0,0.0,0.0,0.0
4958200,1,0.9501900000000001,0.0,0.04980999999999991,0.0,0.9501900000000001,0.0,0.04980999999999991,0.0
4959649,1,1.0,0.0,0.0,0.0,1.0,0.0,0.0,0.0
4960526,0,1.0,0.0,0.0,0.0,1.0,0.0,0.0,0.0
4961278,0,1.0,0.0,0.0,0.0,1.0,0.0,0.0,0.0
4963153,0,0.9725100000000002,0.0,0.027489999999999792,0.0,0.9725100000000002,0.0,0.027489999999999792,0.0
4971943,1,1.0,0.0,0.0,0.0,1.0,0.0,0.0,0.0
4972781,0,1.0,0.0,0.0,0.0,1.0,0.0,0.0,0.0
4978339,0,0.8241,0.0,0.17589999999999995,0.0,0.8241,0.0,0.17589999999999995,0.0
5016502,1,1.0,0.0,0.0,0.0,1.0,0.0,0.0,0.0
5019310,0,1.0,0.0,0.0,0.0,1.0,0.0,0.0,0.0
5020239,0,1.0,0.0,0.0,0.0,1.0,0.0,0.0,0.0
5025543,0,1.0,0.0,0.0,0.0,1.0,0.0,0.0,0.0
5028023,0,1.0,0.0,0.0,0.0,1.0,0.0,0.0,0.0
5028918,1,1.0,0.0,0.0,0.0,1.0,0.0,0.0,0.0
5031265,0,1.0,0.0,0.0,0.0,1.0,0.0,0.0,0.0
5038333,0,0.7026900000000005,0.2973099999999995,0.0,0.0,0.7026900000000005,0.2973099999999995,0.0,0.0
5042955,0,0.42225,0.57775,0.0,0.0,0.42225,0.57775,0.0,0.0
5044673,0,1.0,0.0,0.0,0.0,1.0,0.0,0.0,0.0
5051625,0,0.41171999999999986,0.5882800000000001,0.0,0.0,0.41171999999999986,0.5882800000000001,0.0,0.0
5061832,0,1.0,0.0,0.0,0.0,1.0,0.0,0.0,0.0
5063668,0,1.0,0.0,0.0,0.0,1.0,0.0,0.0,0.0
5067908,0,0.8007900000000001,0.0,0.1992099999999999,0.0,0.8007900000000001,0.0,0.1992099999999999,0.0
5069099,0,0.8047500000000003,0.0,0.1952499999999997,0.0,0.8047500000000003,0.0,0.1952499999999997,0.0
5073249,0,0.8286899999999999,0.0,0.17131000000000007,0.0,0.8286899999999999,0.0,0.17131000000000007,0.0
5084537,0,1.0,0.0,0.0,0.0,1.0,0.0,0.0,0.0
5086175,0,0.8168100000000003,0.0,0.18318999999999974,0.0,0.8168100000000003,0.0,0.18318999999999974,0.0
5088016,0,0.8214899999999998,0.0,0.17851000000000017,0.0,0.8214899999999998,0.0,0.17851000000000017,0.0
5096732,0,1.0,0.0,0.0,0.0,1.0,0.0,0.0,0.0
5097876,0,1.0,0.0,0.0,0.0,1.0,0.0,0.0,0.0
5100952,0,1.0,0.0,0.0,0.0,1.0,0.0,0.0,0.0
5103134,0,1.0,0.0,0.0,0.0,1.0,0.0,0.0,0.0
5105222,1,1.0,0.0,0.0,0.0,1.0,0.0,0.0,0.0
5106291,0,1.0,0.0,0.0,0.0,1.0,0.0,0.0,0.0
5107387,0,1.0,0.0,0.0,0.0,1.0,0.0,0.0,0.0
5108257,0,0.6889200000000004,0.3110799999999996,0.0,0.0,0.6889200000000004,0.3110799999999996,0.0,0.0
5121833,1,1.0,0.0,0.0,0.0,1.0,0.0,0.0,0.0
5125719,0,0.6940499999999998,0.30595000000000017,0.0,0.0,0.6940499999999998,0.30595000000000017,0.0,0.0
5129154,0,1.0,0.0,0.0,0.0,1.0,0.0,0.0,0.0
5130775,0,1.0,0.0,0.0,0.0,1.0,0.0,0.0,0.0
5133110,0,1.0,0.0,0.0,0.0,1.0,0.0,0.0,0.0
5133260,1,1.0,0.0,0.0,0.0,1.0,0.0,0.0,0.0
5136629,0,1.0,0.0,0.0,0.0,1.0,0.0,0.0,0.0
5138442,0,1.0,0.0,0.0,0.0,1.0,0.0,0.0,0.0
5141282,0,1.0,0.0,0.0,0.0,1.0,0.0,0.0,0.0
5143670,0,1.0,0.0,0.0,0.0,1.0,0.0,0.0,0.0
5146211,0,1.0,0.0,0.0,0.0,1.0,0.0,0.0,0.0
5148204,0,0.95505,0.0,0.044950000000000045,0.0,0.95505,0.0,0.044950000000000045,0.0
5173437,0,1.0,0.0,0.0,0.0,1.0,0.0,0.0,0.0
5177352,0,1.0,0.0,0.0,0.0,1.0,0.0,0.0,0.0
5186287,1,1.0,0.0,0.0,0.0,1.0,0.0,0.0,0.0
5202856,0,1.0,0.0,0.0,0.0,1.0,0.0,0.0,0.0
5209025,0,0.1656600000000008,0.8343399999999992,0.0,0.0,0.1656600000000008,0.8343399999999992,0.0,0.0
5211612,1,0.7987200000000003,0.0,0.20127999999999968,0.0,0.7987200000000003,0.0,0.20127999999999968,0.0
5219461,0,1.0,0.0,0.0,0.0,1.0,0.0,0.0,0.0
5220444,0,0.9762899999999997,0.0,0.023710000000000342,0.0,0.9762899999999997,0.0,0.023710000000000342,0.0
5235306,0,0.9749400000000001,0.0,0.02505999999999986,0.0,0.9749400000000001,0.0,0.02505999999999986,0.0
5243074,0,1.0,0.0,0.0,0.0,1.0,0.0,0.0,0.0
5246759,0,1.0,0.0,0.0,0.0,1.0,0.0,0.0,0.0
5248926,1,1.0,0.0,0.0,0.0,1.0,0.0,0.0,0.0
5255269,0,1.0,0.0,0.0,0.0,1.0,0.0,0.0,0.0
5257493,0,1.0,0.0,0.0,0.0,1.0,0.0,0.0,0.0
5258482,0,1.0,0.0,0.0,0.0,1.0,0.0,0.0,0.0
5259517,0,1.0,0.0,0.0,0.0,1.0,0.0,0.0,0.0
5260926,0,1.0,0.0,0.0,0.0,1.0,0.0,0.0,0.0
5262289,0,0.9761100000000003,0.0,0.023889999999999745,0.0,0.9761100000000003,0.0,0.023889999999999745,0.0
5264858,0,1.0,0.0,0.0,0.0,1.0,0.0,0.0,0.0
5266341,0,0.9474,0.0,0.05259999999999998,0.0,0.9474,0.0,0.05259999999999998,0.0
5271267,0,1.0,0.0,0.0,0.0,1.0,0.0,0.0,0.0
5273430,0,0.8267100000000003,0.0,0.17328999999999972,0.0,0.8267100000000003,0.0,0.17328999999999972,0.0
5275397,0,0.6684900000000003,0.33150999999999975,0.0,0.0,0.6684900000000003,0.33150999999999975,0.0,0.0
5288872,1,1.0,0.0,0.0,0.0,1.0,0.0,0.0,0.0
5290260,1,0.9482999999999997,0.0,0.0517000000000003,0.0,0.9482999999999997,0.0,0.0517000000000003,0.0
5293935,0,0.83616,0.0,0.16383999999999999,0.0,0.83616,0.0,0.16383999999999999,0.0
5295312,0,0.8428200000000001,0.0,0.15717999999999988,0.0,0.8428200000000001,0.0,0.15717999999999988,0.0
5299703,0,1.0,0.0,0.0,0.0,1.0,0.0,0.0,0.0
5300846,0,1.0,0.0,0.0,0.0,1.0,0.0,0.0,0.0
5301739,0,1.0,0.0,0.0,0.0,1.0,0.0,0.0,0.0
5303092,1,1.0,0.0,0.0,0.0,1.0,0.0,0.0,0.0
5313975,0,1.0,0.0,0.0,0.0,1.0,0.0,0.0,0.0
5314766,1,0.9643199999999998,0.0,0.035680000000000156,0.0,0.9643199999999998,0.0,0.035680000000000156,0.0
5318961,0,0.8138400000000003,0.0,0.18615999999999966,0.0,0.8138400000000003,0.0,0.18615999999999966,0.0
5320594,0,1.0,0.0,0.0,0.0,1.0,0.0,0.0,0.0
5325670,0,0.8293200000000001,0.0,0.17067999999999994,0.0,0.8293200000000001,0.0,0.17067999999999994,0.0
5327966,1,1.0,0.0,0.0,0.0,1.0,0.0,0.0,0.0
5342369,0,0.8543399999999997,0.0,0.14566000000000034,0.0,0.8543399999999997,0.0,0.14566000000000034,0.0
5343209,1,1.0,0.0,0.0,0.0,1.0,0.0,0.0,0.0
5359608,0,0.6950399999999997,0.0,0.30496000000000034,0.0,0.6950399999999997,0.0,0.30496000000000034,0.0
5367672,1,0.8068200000000001,0.0,0.1931799999999999,0.0,0.8068200000000001,0.0,0.1931799999999999,0.0
5376987,0,1.0,0.0,0.0,0.0,1.0,0.0,0.0,0.0
5377651,1,0.95532,0.0,0.04468000000000005,0.0,0.95532,0.0,0.04468000000000005,0.0
5712830,0,0.0,0.39104000000000116,0.0,0.6089599999999988,0.0,0.39104000000000116,0.0,0.6089599999999988
5733082,0,1.0,0.0,0.0,0.0,1.0,0.0,0.0,0.0
5736255,1,0.8340899999999998,0.0,0.16591000000000022,0.0,0.8340899999999998,0.0,0.16591000000000022,0.0
5736755,1,0.8183400000000001,0.0,0.18165999999999993,0.0,0.8183400000000001,0.0,0.18165999999999993,0.0
5746246,0,0.9623399999999998,0.0,0.03766000000000025,0.0,0.9623399999999998,0.0,0.03766000000000025,0.0
5768313,0,0.8182499999999999,0.0,0.18175000000000008,0.0,0.8182499999999999,0.0,0.18175000000000008,0.0
5771438,0,1.0,0.0,0.0,0.0,1.0,0.0,0.0,0.0
5772892,0,1.0,0.0,0.0,0.0,1.0,0.0,0.0,0.0
5781959,0,0.6860399999999998,0.0,0.31396000000000024,0.0,0.6860399999999998,0.0,0.31396000000000024,0.0
5790328,1,1.0,0.0,0.0,0.0,1.0,0.0,0.0,0.0
5792647,0,1.0,0.0,0.0,0.0,1.0,0.0,0.0,0.0
5802698,0,0.9414600000000002,0.0,0.058539999999999814,0.0,0.9414600000000002,0.0,0.058539999999999814,0.0
5805078,0,0.9483899999999998,0.0,0.051610000000000156,0.0,0.9483899999999998,0.0,0.051610000000000156,0.0
5805196,0,1.0,0.0,0.0,0.0,1.0,0.0,0.0,0.0
5805909,0,0.95316,0.0,0.04683999999999999,0.0,0.95316,0.0,0.04683999999999999,0.0
5808114,0,0.8234699999999999,0.0,0.17653000000000008,0.0,0.8234699999999999,0.0,0.17653000000000008,0.0
5810626,0,0.97296,0.0,0.027039999999999953,0.0,0.97296,0.0,0.027039999999999953,0.0
5817005,0,1.0,0.0,0.0,0.0,1.0,0.0,0.0,0.0
5818846,0,1.0,0.0,0.0,0.0,1.0,0.0,0.0,0.0
5829130,0,1.0,0.0,0.0,0.0,1.0,0.0,0.0,0.0
5831246,0,0.8454299999999999,0.0,0.1545700000000001,0.0,0.8454299999999999,0.0,0.1545700000000001,0.0
5838789,0,0.94218,0.0,0.05781999999999998,0.0,0.94218,0.0,0.05781999999999998,0.0
5841335,0,0.9500099999999998,0.0,0.0499900000000002,0.0,0.9500099999999998,0.0,0.0499900000000002,0.0
5843747,0,0.82599,0.0,0.17401,0.0,0.82599,0.0,0.17401,0.0
5844473,0,0.6955799999999996,0.0,0.30442000000000036,0.0,0.6955799999999996,0.0,0.30442000000000036,0.0
5846992,0,0.7071000000000001,0.0,0.29289999999999994,0.0,0.7071000000000001,0.0,0.29289999999999994,0.0
5857296,1,1.0,0.0,0.0,0.0,1.0,0.0,0.0,0.0
5874335,1,0.9565800000000002,0.0,0.04341999999999979,0.0,0.9565800000000002,0.0,0.04341999999999979,0.0
5875084,0,0.8145600000000002,0.0,0.18543999999999983,0.0,0.8145600000000002,0.0,0.18543999999999983,0.0
5878428,0,1.0,0.0,0.0,0.0,1.0,0.0,0.0,0.0
5888724,1,1.0,0.0,0.0,0.0,1.0,0.0,0.0,0.0
5902127,0,0.9360599999999999,0.0,0.06394000000000011,0.0,0.9360599999999999,0.0,0.06394000000000011,0.0
5906692,0,0.83859,0.0,0.16141000000000005,0.0,0.83859,0.0,0.16141000000000005,0.0
5910758,0,1.0,0.0,0.0,0.0,1.0,0.0,0.0,0.0
5912784,0,1.0,0.0,0.0,0.0,1.0,0.0,0.0,0.0
5913868,1,1.0,0.0,0.0,0.0,1.0,0.0,0.0,0.0
5927193,0,1.0,0.0,0.0,0.0,1.0,0.0,0.0,0.0
5951292,0,1.0,0.0,0.0,0.0,1.0,0.0,0.0,0.0
5952610,0,0.9402899999999996,0.0,0.059710000000000374,0.0,0.9402899999999996,0.0,0.059710000000000374,0.0
5954716,0,0.9506399999999999,0.0,0.04936000000000007,0.0,0.9506399999999999,0.0,0.04936000000000007,0.0
5956048,0,0.82761,0.0,0.17239000000000004,0.0,0.82761,0.0,0.17239000000000004,0.0
5959967,0,0.80124,0.0,0.19876000000000005,0.0,0.80124,0.0,0.19876000000000005,0.0
5961714,0,0.8072699999999999,0.0,0.19273000000000007,0.0,0.8072699999999999,0.0,0.19273000000000007,0.0
5962738,0,0.8112300000000001,0.0,0.18876999999999988,0.0,0.8112300000000001,0.0,0.18876999999999988,0.0
5965990,0,1.0,0.0,0.0,0.0,1.0,0.0,0.0,0.0
5968613,0,0.046050000000001035,0.953949999999999,0.0,0.0,0.046050000000001035,0.953949999999999,0.0,0.0
5970052,0,0.9731400000000003,0.0,0.026859999999999662,0.0,0.9731400000000003,0.0,0.026859999999999662,0.0
5978097,0,1.0,0.0,0.0,0.0,1.0,0.0,0.0,0.0
5984121,0,0.84273,0.0,0.15727000000000002,0.0,0.84273,0.0,0.15727000000000002,0.0
5990611,0,1.0,0.0,0.0,0.0,1.0,0.0,0.0,0.0
6008161,0,1.0,0.0,0.0,0.0,1.0,0.0,0.0,0.0
6009005,0,1.0,0.0,0.0,0.0,1.0,0.0,0.0,0.0
6009653,1,0.95532,0.0,0.04468000000000005,0.0,0.95532,0.0,0.04468000000000005,0.0
6038724,1,1.0,0.0,0.0,0.0,1.0,0.0,0.0,0.0
6105087,0,1.0,0.0,0.0,0.0,1.0,0.0,0.0,0.0
6105253,0,0.9438,0.0,0.05620000000000003,0.0,0.9438,0.0,0.05620000000000003,0.0
6105523,1,1.0,0.0,0.0,0.0,1.0,0.0,0.0,0.0
6168136,0,1.0,0.0,0.0,0.0,1.0,0.0,0.0,0.0
6171838,0,1.0,0.0,0.0,0.0,1.0,0.0,0.0,0.0
6173903,1,1.0,0.0,0.0,0.0,1.0,0.0,0.0,0.0
6189414,0,1.0,0.0,0.0,0.0,1.0,0.0,0.0,0.0
6196539,0,0.7104300000000001,0.0,0.2895699999999999,0.0,0.7104300000000001,0.0,0.2895699999999999,0.0
6196796,0,1.0,0.0,0.0,0.0,1.0,0.0,0.0,0.0
6208711,0,0.9608099999999999,0.0,0.03919000000000006,0.0,0.9608099999999999,0.0,0.03919000000000006,0.0
6211217,0,0.94218,0.0,0.05781999999999998,0.0,0.94218,0.0,0.05781999999999998,0.0
6215562,1,1.0,0.0,0.0,0.0,1.0,0.0,0.0,0.0
6224787,1,0.9543299999999997,0.0,0.04567000000000032,0.0,0.9543299999999997,0.0,0.04567000000000032,0.0
6230596,0,0.7105199999999998,0.0,0.2894800000000002,0.0,0.7105199999999998,0.0,0.2894800000000002,0.0
6234315,0,1.0,0.0,0.0,0.0,1.0,0.0,0.0,0.0
6241110,0,1.0,0.0,0.0,0.0,1.0,0.0,0.0,0.0
6250994,1,0.7116899999999999,0.0,0.28831000000000007,0.0,0.7116899999999999,0.0,0.28831000000000007,0.0
6260081,0,0.8298599999999996,0.0,0.1701400000000004,0.0,0.8298599999999996,0.0,0.1701400000000004,0.0
6270958,1,1.0,0.0,0.0,0.0,1.0,0.0,0.0,0.0
6275723,0,0.94767,0.0,0.05232999999999999,0.0,0.94767,0.0,0.05232999999999999,0.0
6277419,0,0.9636900000000002,0.0,0.03630999999999984,0.0,0.9636900000000002,0.0,0.03630999999999984,0.0
6279562,0,0.8382300000000003,0.0,0.16176999999999975,0.0,0.8382300000000003,0.0,0.16176999999999975,0.0
6289142,1,1.0,0.0,0.0,0.0,1.0,0.0,0.0,0.0
6296900,1,1.0,0.0,0.0,0.0,1.0,0.0,0.0,0.0
6297689,0,1.0,0.0,0.0,0.0,1.0,0.0,0.0,0.0
6315337,0,0.6837,0.3163,0.0,0.0,0.6837,0.3163,0.0,0.0
6316725,0,0.9591900000000004,0.04080999999999957,0.0,0.0,0.9591900000000004,0.04080999999999957,0.0,0.0
6329683,0,0.70404,0.0,0.29596,0.0,0.70404,0.0,0.29596,0.0
6364598,1,1.0,0.0,0.0,0.0,1.0,0.0,0.0,0.0
6371605,0,0.9437100000000003,0.0,0.05628999999999973,0.0,0.9437100000000003,0.0,0.05628999999999973,0.0
6380605,0,1.0,0.0,0.0,0.0,1.0,0.0,0.0,0.0
6434620,0,0.0,1.0,0.0,0.0,0.0,1.0,0.0,0.0
6434820,0,0.0,1.0,0.0,0.0,0.0,1.0,0.0,0.0
6436945,1,0.0,1.0,0.0,0.0,0.0,1.0,0.0,0.0
6441282,0,0.17070000000000007,0.8292999999999999,0.0,0.0,0.17070000000000007,0.8292999999999999,0.0,0.0
6442148,0,0.5524800000000001,0.4475199999999999,0.0,0.0,0.5524800000000001,0.4475199999999999,0.0,0.0
6444905,0,0.5401500000000006,0.4598499999999994,0.0,0.0,0.5401500000000006,0.4598499999999994,0.0,0.0
6448530,0,0.0,1.0,0.0,0.0,0.0,1.0,0.0,0.0
6453499,1,0.4389000000000003,0.5610999999999997,0.0,0.0,0.4389000000000003,0.5610999999999997,0.0,0.0
6465325,0,0.79521,0.20479000000000003,0.0,0.0,0.79521,0.20479000000000003,0.0,0.0
6479298,0,0.0,0.9125900000000007,0.0,0.08740999999999932,0.0,0.9125900000000007,0.0,0.08740999999999932
6486839,0,1.0,0.0,0.0,0.0,1.0,0.0,0.0,0.0
6499483,0,0.42900000000000027,0.5709999999999997,0.0,0.0,0.42900000000000027,0.5709999999999997,0.0,0.0
6501345,0,1.0,0.0,0.0,0.0,1.0,0.0,0.0,0.0
6504010,0,0.9631500000000002,0.0,0.03684999999999983,0.0,0.9631500000000002,0.0,0.03684999999999983,0.0
6518750,0,1.0,0.0,0.0,0.0,1.0,0.0,0.0,0.0
6526551,0,1.0,0.0,0.0,0.0,1.0,0.0,0.0,0.0
6543942,0,1.0,0.0,0.0,0.0,1.0,0.0,0.0,0.0
6544807,1,1.0,0.0,0.0,0.0,1.0,0.0,0.0,0.0
6545518,0,1.0,0.0,0.0,0.0,1.0,0.0,0.0,0.0
6574954,0,1.0,0.0,0.0,0.0,1.0,0.0,0.0,0.0
6618380,0,1.0,0.0,0.0,0.0,1.0,0.0,0.0,0.0
6641576,0,1.0,0.0,0.0,0.0,1.0,0.0,0.0,0.0
6656063,1,0.5632800000000007,0.43671999999999933,0.0,0.0,0.5632800000000007,0.43671999999999933,0.0,0.0
6663791,0,1.0,0.0,0.0,0.0,1.0,0.0,0.0,0.0
6672485,0,1.0,0.0,0.0,0.0,1.0,0.0,0.0,0.0
6683602,0,1.0,0.0,0.0,0.0,1.0,0.0,0.0,0.0
6705233,0,0.9417300000000002,0.0,0.05826999999999982,0.0,0.9417300000000002,0.0,0.05826999999999982,0.0
6718840,0,0.9749400000000001,0.0,0.02505999999999986,0.0,0.9749400000000001,0.0,0.02505999999999986,0.0
6728358,0,0.0,0.0,0.0,1.0,0.0,0.0,0.0,1.0
6743180,0,1.0,0.0,0.0,0.0,1.0,0.0,0.0,0.0
6745647,0,1.0,0.0,0.0,0.0,1.0,0.0,0.0,0.0
6757275,0,1.0,0.0,0.0,0.0,1.0,0.0,0.0,0.0
6799546,0,0.0,0.0,0.0,1.0,0.0,0.0,0.0,1.0
6824316,0,1.0,0.0,0.0,0.0,1.0,0.0,0.0,0.0
6853077,0,0.0,0.0,0.0,1.0,0.0,0.0,0.0,1.0
6856215,0,0.9617100000000001,0.0,0.038289999999999935,0.0,0.9617100000000001,0.0,0.038289999999999935,0.0
6888280,0,1.0,0.0,0.0,0.0,1.0,0.0,0.0,0.0
6903505,1,1.0,0.0,0.0,0.0,1.0,0.0,0.0,0.0
6934897,0,1.0,0.0,0.0,0.0,1.0,0.0,0.0,0.0
6941059,0,1.0,0.0,0.0,0.0,1.0,0.0,0.0,0.0
6942918,1,1.0,0.0,0.0,0.0,1.0,0.0,0.0,0.0
6943694,0,1.0,0.0,0.0,0.0,1.0,0.0,0.0,0.0
6969255,1,1.0,0.0,0.0,0.0,1.0,0.0,0.0,0.0
6974458,1,1.0,0.0,0.0,0.0,1.0,0.0,0.0,0.0
6975241,0,0.9519899999999999,0.0,0.04801000000000011,0.0,0.9519899999999999,0.0,0.04801000000000011,0.0
6985928,0,0.9568499999999998,0.0,0.043150000000000244,0.0,0.9568499999999998,0.0,0.043150000000000244,0.0
6988222,1,0.8277000000000001,0.0,0.1722999999999999,0.0,0.8277000000000001,0.0,0.1722999999999999,0.0
7009445,0,0.94164,0.0,0.05835999999999997,0.0,0.94164,0.0,0.05835999999999997,0.0
7024496,0,0.8883599999999996,0.0,0.1116400000000004,0.0,0.8883599999999996,0.0,0.1116400000000004,0.0
7026486,1,0.9554100000000001,0.0,0.04458999999999991,0.0,0.9554100000000001,0.0,0.04458999999999991,0.0
7030598,0,0.8249999999999997,0.0,0.17500000000000027,0.0,0.8249999999999997,0.0,0.17500000000000027,0.0
7033413,0,0.8339099999999999,0.0,0.16609000000000007,0.0,0.8339099999999999,0.0,0.16609000000000007,0.0
7034791,1,1.0,0.0,0.0,0.0,1.0,0.0,0.0,0.0
7034840,1,0.0,1.0,0.0,0.0,0.0,1.0,0.0,0.0
7062666,0,1.0,0.0,0.0,0.0,1.0,0.0,0.0,0.0
7071988,1,1.0,0.0,0.0,0.0,1.0,0.0,0.0,0.0
7073603,0,1.0,0.0,0.0,0.0,1.0,0.0,0.0,0.0
7076150,1,1.0,0.0,0.0,0.0,1.0,0.0,0.0,0.0
7077803,1,1.0,0.0,0.0,0.0,1.0,0.0,0.0,0.0
7079364,1,1.0,0.0,0.0,0.0,1.0,0.0,0.0,0.0
7083564,0,1.0,0.0,0.0,0.0,1.0,0.0,0.0,0.0
7087767,0,1.0,0.0,0.0,0.0,1.0,0.0,0.0,0.0
7097330,0,1.0,0.0,0.0,0.0,1.0,0.0,0.0,0.0
7099003,0,1.0,0.0,0.0,0.0,1.0,0.0,0.0,0.0
7100593,0,0.97377,0.0,0.026229999999999976,0.0,0.97377,0.0,0.026229999999999976,0.0
7102157,0,0.7077300000000002,0.0,0.2922699999999998,0.0,0.7077300000000002,0.0,0.2922699999999998,0.0
7119352,0,0.9647699999999997,0.0,0.03523000000000032,0.0,0.9647699999999997,0.0,0.03523000000000032,0.0
7139064,1,0.9472200000000002,0.0,0.05277999999999983,0.0,0.9472200000000002,0.0,0.05277999999999983,0.0
7144878,0,0.8390399999999998,0.0,0.16096000000000021,0.0,0.8390399999999998,0.0,0.16096000000000021,0.0
7157410,0,1.0,0.0,0.0,0.0,1.0,0.0,0.0,0.0
7163104,0,1.0,0.0,0.0,0.0,1.0,0.0,0.0,0.0
7165130,1,1.0,0.0,0.0,0.0,1.0,0.0,0.0,0.0
7166516,0,1.0,0.0,0.0,0.0,1.0,0.0,0.0,0.0
7168922,1,1.0,0.0,0.0,0.0,1.0,0.0,0.0,0.0
7205355,0,1.0,0.0,0.0,0.0,1.0,0.0,0.0,0.0
7209451,1,1.0,0.0,0.0,0.0,1.0,0.0,0.0,0.0
7258136,1,1.0,0.0,0.0,0.0,1.0,0.0,0.0,0.0
7261122,0,1.0,0.0,0.0,0.0,1.0,0.0,0.0,0.0
7282516,0,1.0,0.0,0.0,0.0,1.0,0.0,0.0,0.0
7290381,0,0.8227500000000001,0.0,0.1772499999999999,0.0,0.8227500000000001,0.0,0.1772499999999999,0.0
7300977,0,0.8214900000000007,0.17850999999999928,0.0,0.0,0.8214900000000007,0.17850999999999928,0.0,0.0
7357800,0,1.0,0.0,0.0,0.0,1.0,0.0,0.0,0.0
7358567,1,1.0,0.0,0.0,0.0,1.0,0.0,0.0,0.0
7395275,0,0.0,0.9125900000000007,0.0,0.08740999999999932,0.0,0.9125900000000007,0.0,0.08740999999999932
7398246,0,0.0,1.0,0.0,0.0,0.0,1.0,0.0,0.0
7400998,0,0.7521900000000006,0.24780999999999942,0.0,0.0,0.7521900000000006,0.24780999999999942,0.0,0.0
7403595,0,1.0,0.0,0.0,0.0,1.0,0.0,0.0,0.0
7405355,0,1.0,0.0,0.0,0.0,1.0,0.0,0.0,0.0
7410675,0,0.0,1.0,0.0,0.0,0.0,1.0,0.0,0.0
7435956,0,1.0,0.0,0.0,0.0,1.0,0.0,0.0,0.0
7436427,0,1.0,0.0,0.0,0.0,1.0,0.0,0.0,0.0
7440933,0,1.0,0.0,0.0,0.0,1.0,0.0,0.0,0.0
7442589,1,0.8883599999999996,0.0,0.1116400000000004,0.0,0.8883599999999996,0.0,0.1116400000000004,0.0
7469823,0,1.0,0.0,0.0,0.0,1.0,0.0,0.0,0.0
7483404,0,1.0,0.0,0.0,0.0,1.0,0.0,0.0,0.0
7485410,0,1.0,0.0,0.0,0.0,1.0,0.0,0.0,0.0
7485603,0,1.0,0.0,0.0,0.0,1.0,0.0,0.0,0.0
7487928,0,1.0,0.0,0.0,0.0,1.0,0.0,0.0,0.0
7490199,1,1.0,0.0,0.0,0.0,1.0,0.0,0.0,0.0
7491439,0,0.7544399999999998,0.0,0.24556000000000022,0.0,0.7544399999999998,0.0,0.24556000000000022,0.0
7499259,0,1.0,0.0,0.0,0.0,1.0,0.0,0.0,0.0
7519487,0,1.0,0.0,0.0,0.0,1.0,0.0,0.0,0.0
7544155,0,1.0,0.0,0.0,0.0,1.0,0.0,0.0,0.0
7586443,0,1.0,0.0,0.0,0.0,1.0,0.0,0.0,0.0
7603415,0,0.7544399999999998,0.0,0.24556000000000022,0.0,0.7544399999999998,0.0,0.24556000000000022,0.0
7611323,0,1.0,0.0,0.0,0.0,1.0,0.0,0.0,0.0
7641047,0,0.8883599999999996,0.0,0.1116400000000004,0.0,0.8883599999999996,0.0,0.1116400000000004,0.0
7653492,0,0.6218699999999999,0.0,0.3781300000000001,0.0,0.6218699999999999,0.0,0.3781300000000001,0.0
7674299,1,0.6218699999999999,0.0,0.3781300000000001,0.0,0.6218699999999999,0.0,0.3781300000000001,0.0
7675576,0,1.0,0.0,0.0,0.0,1.0,0.0,0.0,0.0
7710164,0,1.0,0.0,0.0,0.0,1.0,0.0,0.0,0.0
7711311,0,0.8883599999999996,0.0,0.1116400000000004,0.0,0.8883599999999996,0.0,0.1116400000000004,0.0
7711919,1,1.0,0.0,0.0,0.0,1.0,0.0,0.0,0.0
7716906,0,0.8883599999999996,0.0,0.1116400000000004,0.0,0.8883599999999996,0.0,0.1116400000000004,0.0
7734076,0,1.0,0.0,0.0,0.0,1.0,0.0,0.0,0.0
7752014,0,1.0,0.0,0.0,0.0,1.0,0.0,0.0,0.0
7760025,1,1.0,0.0,0.0,0.0,1.0,0.0,0.0,0.0
7796069,0,1.0,0.0,0.0,0.0,1.0,0.0,0.0,0.0
7816439,1,0.8883599999999996,0.0,0.1116400000000004,0.0,0.8883599999999996,0.0,0.1116400000000004,0.0
7830722,1,0.6218699999999999,0.0,0.3781300000000001,0.0,0.6218699999999999,0.0,0.3781300000000001,0.0
7835964,1,1.0,0.0,0.0,0.0,1.0,0.0,0.0,0.0
7840906,0,0.0,0.0,0.0,1.0,0.0,0.0,0.0,1.0
7857775,0,0.7544399999999998,0.0,0.24556000000000022,0.0,0.7544399999999998,0.0,0.24556000000000022,0.0
7859011,0,1.0,0.0,0.0,0.0,1.0,0.0,0.0,0.0
7865622,1,1.0,0.0,0.0,0.0,1.0,0.0,0.0,0.0
7868178,1,1.0,0.0,0.0,0.0,1.0,0.0,0.0,0.0
7874918,1,0.8883599999999996,0.0,0.1116400000000004,0.0,0.8883599999999996,0.0,0.1116400000000004,0.0
7876404,0,0.6218699999999999,0.0,0.3781300000000001,0.0,0.6218699999999999,0.0,0.3781300000000001,0.0
7882529,0,0.7544399999999998,0.0,0.24556000000000022,0.0,0.7544399999999998,0.0,0.24556000000000022,0.0
7945125,0,1.0,0.0,0.0,0.0,1.0,0.0,0.0,0.0
7948785,1,1.0,0.0,0.0,0.0,1.0,0.0,0.0,0.0
7951969,0,0.8883599999999996,0.0,0.1116400000000004,0.0,0.8883599999999996,0.0,0.1116400000000004,0.0
7987079,0,1.0,0.0,0.0,0.0,1.0,0.0,0.0,0.0
7992878,0,0.8883599999999996,0.0,0.1116400000000004,0.0,0.8883599999999996,0.0,0.1116400000000004,0.0
8021700,0,1.0,0.0,0.0,0.0,1.0,0.0,0.0,0.0
8030280,1,1.0,0.0,0.0,0.0,1.0,0.0,0.0,0.0
8046675,1,0.6218699999999999,0.0,0.3781300000000001,0.0,0.6218699999999999,0.0,0.3781300000000001,0.0
8048985,0,1.0,0.0,0.0,0.0,1.0,0.0,0.0,0.0
8050401,0,1.0,0.0,0.0,0.0,1.0,0.0,0.0,0.0
8051084,0,1.0,0.0,0.0,0.0,1.0,0.0,0.0,0.0
8069015,0,1.0,0.0,0.0,0.0,1.0,0.0,0.0,0.0
8072793,1,1.0,0.0,0.0,0.0,1.0,0.0,0.0,0.0
8090616,0,0.8883599999999996,0.0,0.1116400000000004,0.0,0.8883599999999996,0.0,0.1116400000000004,0.0
8104284,0,1.0,0.0,0.0,0.0,1.0,0.0,0.0,0.0
8146758,0,1.0,0.0,0.0,0.0,1.0,0.0,0.0,0.0
8148391,0,0.7544399999999998,0.0,0.24556000000000022,0.0,0.7544399999999998,0.0,0.24556000000000022,0.0
8164167,0,0.7544399999999998,0.0,0.24556000000000022,0.0,0.7544399999999998,0.0,0.24556000000000022,0.0
8171660,0,1.0,0.0,0.0,0.0,1.0,0.0,0.0,0.0
8198371,0,0.6218699999999999,0.0,0.3781300000000001,0.0,0.6218699999999999,0.0,0.3781300000000001,0.0
8219345,1,0.6218699999999999,0.0,0.3781300000000001,0.0,0.6218699999999999,0.0,0.3781300000000001,0.0
8229064,0,0.6218699999999999,0.0,0.3781300000000001,0.0,0.6218699999999999,0.0,0.3781300000000001,0.0
8238071,0,1.0,0.0,0.0,0.0,1.0,0.0,0.0,0.0
8261955,1,1.0,0.0,0.0,0.0,1.0,0.0,0.0,0.0
8271684,0,1.0,0.0,0.0,0.0,1.0,0.0,0.0,0.0
8273820,1,1.0,0.0,0.0,0.0,1.0,0.0,0.0,0.0
8275156,1,1.0,0.0,0.0,0.0,1.0,0.0,0.0,0.0
8283472,1,1.0,0.0,0.0,0.0,1.0,0.0,0.0,0.0
8315576,0,0.8883599999999996,0.0,0.1116400000000004,0.0,0.8883599999999996,0.0,0.1116400000000004,0.0
8315841,1,1.0,0.0,0.0,0.0,1.0,0.0,0.0,0.0
8319149,1,0.8883599999999996,0.0,0.1116400000000004,0.0,0.8883599999999996,0.0,0.1116400000000004,0.0
8320951,0,0.7544399999999998,0.0,0.24556000000000022,0.0,0.7544399999999998,0.0,0.24556000000000022,0.0
8336219,1,1.0,0.0,0.0,0.0,1.0,0.0,0.0,0.0
8341537,0,0.0,0.0,0.0,1.0,0.0,0.0,0.0,1.0
8365797,0,0.8883599999999996,0.0,0.1116400000000004,0.0,0.8883599999999996,0.0,0.1116400000000004,0.0
8369265,0,0.7544399999999998,0.0,0.24556000000000022,0.0,0.7544399999999998,0.0,0.24556000000000022,0.0
8385239,0,1.0,0.0,0.0,0.0,1.0,0.0,0.0,0.0
8411995,0,0.6218699999999999,0.0,0.3781300000000001,0.0,0.6218699999999999,0.0,0.3781300000000001,0.0
8420841,0,1.0,0.0,0.0,0.0,1.0,0.0,0.0,0.0
8433385,1,1.0,0.0,0.0,0.0,1.0,0.0,0.0,0.0
8466820,0,0.6218699999999999,0.0,0.3781300000000001,0.0,0.6218699999999999,0.0,0.3781300000000001,0.0
8476182,1,0.7544399999999998,0.0,0.24556000000000022,0.0,0.7544399999999998,0.0,0.24556000000000022,0.0
8482478,0,1.0,0.0,0.0,0.0,1.0,0.0,0.0,0.0
8488127,0,0.7544399999999998,0.0,0.24556000000000022,0.0,0.7544399999999998,0.0,0.24556000000000022,0.0
8501336,1,0.7544399999999998,0.0,0.24556000000000022,0.0,0.7544399999999998,0.0,0.24556000000000022,0.0
8516687,1,0.7544399999999998,0.0,0.24556000000000022,0.0,0.7544399999999998,0.0,0.24556000000000022,0.0
8520738,1,0.8883599999999996,0.0,0.1116400000000004,0.0,0.8883599999999996,0.0,0.1116400000000004,0.0
8539501,0,1.0,0.0,0.0,0.0,1.0,0.0,0.0,0.0
8543085,1,0.6218699999999999,0.0,0.3781300000000001,0.0,0.6218699999999999,0.0,0.3781300000000001,0.0
8577876,1,0.8883599999999996,0.0,0.1116400000000004,0.0,0.8883599999999996,0.0,0.1116400000000004,0.0
8584650,0,0.7544399999999998,0.0,0.24556000000000022,0.0,0.7544399999999998,0.0,0.24556000000000022,0.0
8598168,1,1.0,0.0,0.0,0.0,1.0,0.0,0.0,0.0
8621787,0,0.7544399999999998,0.0,0.24556000000000022,0.0,0.7544399999999998,0.0,0.24556000000000022,0.0
8632892,0,1.0,0.0,0.0,0.0,1.0,0.0,0.0,0.0
8644527,0,0.8883599999999996,0.0,0.1116400000000004,0.0,0.8883599999999996,0.0,0.1116400000000004,0.0
8645573,0,1.0,0.0,0.0,0.0,1.0,0.0,0.0,0.0
8662954,0,1.0,0.0,0.0,0.0,1.0,0.0,0.0,0.0
8723873,0,1.0,0.0,0.0,0.0,1.0,0.0,0.0,0.0
8726860,0,0.6218699999999999,0.0,0.3781300000000001,0.0,0.6218699999999999,0.0,0.3781300000000001,0.0
8758363,0,0.7544399999999998,0.0,0.24556000000000022,0.0,0.7544399999999998,0.0,0.24556000000000022,0.0
8774022,0,1.0,0.0,0.0,0.0,1.0,0.0,0.0,0.0
8783154,0,0.7544399999999998,0.0,0.24556000000000022,0.0,0.7544399999999998,0.0,0.24556000000000022,0.0
8816378,0,1.0,0.0,0.0,0.0,1.0,0.0,0.0,0.0
8828658,0,0.6218699999999999,0.0,0.3781300000000001,0.0,0.6218699999999999,0.0,0.3781300000000001,0.0
8831860,0,0.6218699999999999,0.0,0.3781300000000001,0.0,0.6218699999999999,0.0,0.3781300000000001,0.0
8859711,0,0.8883599999999996,0.0,0.1116400000000004,0.0,0.8883599999999996,0.0,0.1116400000000004,0.0
8860525,1,0.7544399999999998,0.0,0.24556000000000022,0.0,0.7544399999999998,0.0,0.24556000000000022,0.0
8907457,0,1.0,0.0,0.0,0.0,1.0,0.0,0.0,0.0
8909682,0,0.8883599999999996,0.0,0.1116400000000004,0.0,0.8883599999999996,0.0,0.1116400000000004,0.0
8910297,1,1.0,0.0,0.0,0.0,1.0,0.0,0.0,0.0
8928941,0,0.8883599999999996,0.0,0.1116400000000004,0.0,0.8883599999999996,0.0,0.1116400000000004,0.0
8958665,0,1.0,0.0,0.0,0.0,1.0,0.0,0.0,0.0
8994782,1,1.0,0.0,0.0,0.0,1.0,0.0,0.0,0.0
8995404,0,0.6218699999999999,0.0,0.3781300000000001,0.0,0.6218699999999999,0.0,0.3781300000000001,0.0
9011176,1,1.0,0.0,0.0,0.0,1.0,0.0,0.0,0.0
9012111,0,1.0,0.0,0.0,0.0,1.0,0.0,0.0,0.0
9012817,1,1.0,0.0,0.0,0.0,1.0,0.0,0.0,0.0
9014443,0,1.0,0.0,0.0,0.0,1.0,0.0,0.0,0.0
9017543,1,1.0,0.0,0.0,0.0,1.0,0.0,0.0,0.0
9043775,0,1.0,0.0,0.0,0.0,1.0,0.0,0.0,0.0
9047060,0,0.8883599999999996,0.0,0.1116400000000004,0.0,0.8883599999999996,0.0,0.1116400000000004,0.0
9053509,1,1.0,0.0,0.0,0.0,1.0,0.0,0.0,0.0
9074955,1,1.0,0.0,0.0,0.0,1.0,0.0,0.0,0.0
9080437,1,1.0,0.0,0.0,0.0,1.0,0.0,0.0,0.0
9082329,1,1.0,0.0,0.0,0.0,1.0,0.0,0.0,0.0
9123525,0,1.0,0.0,0.0,0.0,1.0,0.0,0.0,0.0
9147603,0,1.0,0.0,0.0,0.0,1.0,0.0,0.0,0.0
9173797,1,1.0,0.0,0.0,0.0,1.0,0.0,0.0,0.0
9179654,1,0.7544399999999998,0.0,0.24556000000000022,0.0,0.7544399999999998,0.0,0.24556000000000022,0.0
9185626,0,0.6218699999999999,0.0,0.3781300000000001,0.0,0.6218699999999999,0.0,0.3781300000000001,0.0
9191160,0,0.7544399999999998,0.0,0.24556000000000022,0.0,0.7544399999999998,0.0,0.24556000000000022,0.0
9294701,1,0.8883599999999996,0.0,0.1116400000000004,0.0,0.8883599999999996,0.0,0.1116400000000004,0.0
9296294,0,0.7544399999999998,0.0,0.24556000000000022,0.0,0.7544399999999998,0.0,0.24556000000000022,0.0
9348937,0,0.8883599999999996,0.0,0.1116400000000004,0.0,0.8883599999999996,0.0,0.1116400000000004,0.0
9354048,0,0.8883599999999996,0.0,0.1116400000000004,0.0,0.8883599999999996,0.0,0.1116400000000004,0.0
9368765,0,1.0,0.0,0.0,0.0,1.0,0.0,0.0,0.0
9381889,0,1.0,0.0,0.0,0.0,1.0,0.0,0.0,0.0
9385395,1,0.6218699999999999,0.0,0.3781300000000001,0.0,0.6218699999999999,0.0,0.3781300000000001,0.0
9410769,0,0.8883599999999996,0.0,0.1116400000000004,0.0,0.8883599999999996,0.0,0.1116400000000004,0.0
9415247,0,0.8883599999999996,0.0,0.1116400000000004,0.0,0.8883599999999996,0.0,0.1116400000000004,0.0
9431949,1,1.0,0.0,0.0,0.0,1.0,0.0,0.0,0.0
9444111,1,1.0,0.0,0.0,0.0,1.0,0.0,0.0,0.0
9446160,0,1.0,0.0,0.0,0.0,1.0,0.0,0.0,0.0
9457704,0,0.8883599999999996,0.0,0.1116400000000004,0.0,0.8883599999999996,0.0,0.1116400000000004,0.0
9471821,1,0.8883599999999996,0.0,0.1116400000000004,0.0,0.8883599999999996,0.0,0.1116400000000004,0.0
9508399,1,1.0,0.0,0.0,0.0,1.0,0.0,0.0,0.0
9539245,0,1.0,0.0,0.0,0.0,1.0,0.0,0.0,0.0
9540271,0,0.8883599999999996,0.0,0.1116400000000004,0.0,0.8883599999999996,0.0,0.1116400000000004,0.0
9545290,1,1.0,0.0,0.0,0.0,1.0,0.0,0.0,0.0
9546721,0,0.7544399999999998,0.0,0.24556000000000022,0.0,0.7544399999999998,0.0,0.24556000000000022,0.0
9548111,0,0.7544399999999998,0.0,0.24556000000000022,0.0,0.7544399999999998,0.0,0.24556000000000022,0.0
9565244,1,1.0,0.0,0.0,0.0,1.0,0.0,0.0,0.0
9566055,1,1.0,0.0,0.0,0.0,1.0,0.0,0.0,0.0
9591194,0,0.7544399999999998,0.0,0.24556000000000022,0.0,0.7544399999999998,0.0,0.24556000000000022,0.0
9609455,1,1.0,0.0,0.0,0.0,1.0,0.0,0.0,0.0
9612474,0,0.6218699999999999,0.0,0.3781300000000001,0.0,0.6218699999999999,0.0,0.3781300000000001,0.0
9619198,0,1.0,0.0,0.0,0.0,1.0,0.0,0.0,0.0
9622266,1,1.0,0.0,0.0,0.0,1.0,0.0,0.0,0.0
9623724,0,0.7544399999999998,0.0,0.24556000000000022,0.0,0.7544399999999998,0.0,0.24556000000000022,0.0
9634805,0,1.0,0.0,0.0,0.0,1.0,0.0,0.0,0.0
9658627,0,1.0,0.0,0.0,0.0,1.0,0.0,0.0,0.0
9659664,1,0.8883599999999996,0.0,0.1116400000000004,0.0,0.8883599999999996,0.0,0.1116400000000004,0.0
9691153,1,1.0,0.0,0.0,0.0,1.0,0.0,0.0,0.0
9716323,1,0.8883599999999996,0.0,0.1116400000000004,0.0,0.8883599999999996,0.0,0.1116400000000004,0.0
9716526,1,0.8883599999999996,0.0,0.1116400000000004,0.0,0.8883599999999996,0.0,0.1116400000000004,0.0
9725997,1,1.0,0.0,0.0,0.0,1.0,0.0,0.0,0.0
9726383,0,0.7544399999999998,0.0,0.24556000000000022,0.0,0.7544399999999998,0.0,0.24556000000000022,0.0
9730398,0,0.8883599999999996,0.0,0.1116400000000004,0.0,0.8883599999999996,0.0,0.1116400000000004,0.0
9733006,0,0.8883599999999996,0.0,0.1116400000000004,0.0,0.8883599999999996,0.0,0.1116400000000004,0.0
9745837,0,1.0,0.0,0.0,0.0,1.0,0.0,0.0,0.0
9754884,0,1.0,0.0,0.0,0.0,1.0,0.0,0.0,0.0
9757039,1,1.0,0.0,0.0,0.0,1.0,0.0,0.0,0.0
9763464,0,1.0,0.0,0.0,0.0,1.0,0.0,0.0,0.0
9800628,1,1.0,0.0,0.0,0.0,1.0,0.0,0.0,0.0
9819575,1,1.0,0.0,0.0,0.0,1.0,0.0,0.0,0.0
9822102,1,1.0,0.0,0.0,0.0,1.0,0.0,0.0,0.0
9825880,0,1.0,0.0,0.0,0.0,1.0,0.0,0.0,0.0
9837234,0,0.6196200000000003,0.3803799999999997,0.0,0.0,0.6196200000000003,0.3803799999999997,0.0,0.0
9838258,0,0.7544399999999998,0.0,0.24556000000000022,0.0,0.7544399999999998,0.0,0.24556000000000022,0.0
9843323,0,0.8883599999999996,0.0,0.1116400000000004,0.0,0.8883599999999996,0.0,0.1116400000000004,0.0
9857886,0,0.8883599999999996,0.0,0.1116400000000004,0.0,0.8883599999999996,0.0,0.1116400000000004,0.0
9863829,0,0.36483000000000043,0.6351699999999996,0.0,0.0,0.36483000000000043,0.6351699999999996,0.0,0.0
9870146,0,0.8883599999999996,0.0,0.1116400000000004,0.0,0.8883599999999996,0.0,0.1116400000000004,0.0
9882236,0,1.0,0.0,0.0,0.0,1.0,0.0,0.0,0.0
9888564,0,1.0,0.0,0.0,0.0,1.0,0.0,0.0,0.0
9890936,0,0.7489499999999998,0.0,0.2510500000000002,0.0,0.7489499999999998,0.0,0.2510500000000002,0.0
9892199,0,0.6218699999999999,0.0,0.3781300000000001,0.0,0.6218699999999999,0.0,0.3781300000000001,0.0
9895294,0,0.6218699999999999,0.0,0.3781300000000001,0.0,0.6218699999999999,0.0,0.3781300000000001,0.0
9928031,0,1.0,0.0,0.0,0.0,1.0,0.0,0.0,0.0
9930454,1,0.7544399999999998,0.0,0.24556000000000022,0.0,0.7544399999999998,0.0,0.24556000000000022,0.0
9934040,0,0.6218699999999999,0.0,0.3781300000000001,0.0,0.6218699999999999,0.0,0.3781300000000001,0.0
9935064,1,0.6218699999999999,0.0,0.3781300000000001,0.0,0.6218699999999999,0.0,0.3781300000000001,0.0
9996445,1,0.7544399999999998,0.0,0.24556000000000022,0.0,0.7544399999999998,0.0,0.24556000000000022,0.0
10009138,0,1.0,0.0,0.0,0.0,1.0,0.0,0.0,0.0
10051383,1,0.6218699999999999,0.0,0.3781300000000001,0.0,0.6218699999999999,0.0,0.3781300000000001,0.0
10053042,1,1.0,0.0,0.0,0.0,1.0,0.0,0.0,0.0
10083315,1,1.0,0.0,0.0,0.0,1.0,0.0,0.0,0.0
10093171,0,1.0,0.0,0.0,0.0,1.0,0.0,0.0,0.0
10128431,1,1.0,0.0,0.0,0.0,1.0,0.0,0.0,0.0
10153084,1,0.8883599999999996,0.0,0.1116400000000004,0.0,0.8883599999999996,0.0,0.1116400000000004,0.0
10154600,0,0.7544399999999998,0.0,0.24556000000000022,0.0,0.7544399999999998,0.0,0.24556000000000022,0.0
10186016,1,0.6196200000000003,0.3803799999999997,0.0,0.0,0.6196200000000003,0.3803799999999997,0.0,0.0
10186644,1,0.4886700000000008,0.5113299999999992,0.0,0.0,0.4886700000000008,0.5113299999999992,0.0,0.0
10292508,1,1.0,0.0,0.0,0.0,1.0,0.0,0.0,0.0
10294414,0,0.7521900000000006,0.24780999999999942,0.0,0.0,0.7521900000000006,0.24780999999999942,0.0,0.0
10295206,0,1.0,0.0,0.0,0.0,1.0,0.0,0.0,0.0
10297111,0,1.0,0.0,0.0,0.0,1.0,0.0,0.0,0.0
10333518,0,1.0,0.0,0.0,0.0,1.0,0.0,0.0,0.0
10339356,0,1.0,0.0,0.0,0.0,1.0,0.0,0.0,0.0
10342607,0,0.7544399999999998,0.0,0.24556000000000022,0.0,0.7544399999999998,0.0,0.24556000000000022,0.0
10361639,1,0.0,0.0,0.0,1.0,0.0,0.0,0.0,1.0
10368001,1,0.6218699999999999,0.0,0.3781300000000001,0.0,0.6218699999999999,0.0,0.3781300000000001,0.0
10432793,1,1.0,0.0,0.0,0.0,1.0,0.0,0.0,0.0
10434329,1,0.7544399999999998,0.0,0.24556000000000022,0.0,0.7544399999999998,0.0,0.24556000000000022,0.0
10443842,0,0.7544399999999998,0.0,0.24556000000000022,0.0,0.7544399999999998,0.0,0.24556000000000022,0.0
10457489,0,1.0,0.0,0.0,0.0,1.0,0.0,0.0,0.0
10492879,1,1.0,0.0,0.0,0.0,1.0,0.0,0.0,0.0
10497848,0,1.0,0.0,0.0,0.0,1.0,0.0,0.0,0.0
10499998,0,1.0,0.0,0.0,0.0,1.0,0.0,0.0,0.0
10501095,1,1.0,0.0,0.0,0.0,1.0,0.0,0.0,0.0
10542627,0,0.7544399999999998,0.0,0.24556000000000022,0.0,0.7544399999999998,0.0,0.24556000000000022,0.0
10547191,0,0.7544399999999998,0.0,0.24556000000000022,0.0,0.7544399999999998,0.0,0.24556000000000022,0.0
10548783,0,0.7544399999999998,0.0,0.24556000000000022,0.0,0.7544399999999998,0.0,0.24556000000000022,0.0
10549639,0,0.7544399999999998,0.0,0.24556000000000022,0.0,0.7544399999999998,0.0,0.24556000000000022,0.0
10563369,0,0.7544399999999998,0.0,0.24556000000000022,0.0,0.7544399999999998,0.0,0.24556000000000022,0.0
10564529,1,1.0,0.0,0.0,0.0,1.0,0.0,0.0,0.0
10593326,0,0.8883599999999996,0.0,0.1116400000000004,0.0,0.8883599999999996,0.0,0.1116400000000004,0.0
10621018,0,1.0,0.0,0.0,0.0,1.0,0.0,0.0,0.0
10658101,0,0.8860200000000011,0.11397999999999886,0.0,0.0,0.8860200000000011,0.11397999999999886,0.0,0.0
10658878,1,0.7544399999999998,0.0,0.24556000000000022,0.0,0.7544399999999998,0.0,0.24556000000000022,0.0
10667547,1,0.7544399999999998,0.0,0.24556000000000022,0.0,0.7544399999999998,0.0,0.24556000000000022,0.0
10678601,0,1.0,0.0,0.0,0.0,1.0,0.0,0.0,0.0
10680228,0,1.0,0.0,0.0,0.0,1.0,0.0,0.0,0.0
10721050,0,0.6218699999999999,0.0,0.3781300000000001,0.0,0.6218699999999999,0.0,0.3781300000000001,0.0
10729965,1,0.8883599999999996,0.0,0.1116400000000004,0.0,0.8883599999999996,0.0,0.1116400000000004,0.0
10785146,0,0.7544399999999998,0.0,0.24556000000000022,0.0,0.7544399999999998,0.0,0.24556000000000022,0.0
10786320,0,0.7544399999999998,0.0,0.24556000000000022,0.0,0.7544399999999998,0.0,0.24556000000000022,0.0
10788794,0,0.8883599999999996,0.0,0.1116400000000004,0.0,0.8883599999999996,0.0,0.1116400000000004,0.0
10845919,0,1.0,0.0,0.0,0.0,1.0,0.0,0.0,0.0
10853127,0,1.0,0.0,0.0,0.0,1.0,0.0,0.0,0.0
10880883,0,1.0,0.0,0.0,0.0,1.0,0.0,0.0,0.0
10882557,1,1.0,0.0,0.0,0.0,1.0,0.0,0.0,0.0
10883461,1,1.0,0.0,0.0,0.0,1.0,0.0,0.0,0.0
10885734,1,1.0,0.0,0.0,0.0,1.0,0.0,0.0,0.0
10896735,1,1.0,0.0,0.0,0.0,1.0,0.0,0.0,0.0
10906419,0,1.0,0.0,0.0,0.0,1.0,0.0,0.0,0.0
10909487,0,1.0,0.0,0.0,0.0,1.0,0.0,0.0,0.0
10914682,0,1.0,0.0,0.0,0.0,1.0,0.0,0.0,0.0
10917408,0,1.0,0.0,0.0,0.0,1.0,0.0,0.0,0.0
10922143,0,1.0,0.0,0.0,0.0,1.0,0.0,0.0,0.0
10948750,0,0.8883599999999996,0.0,0.1116400000000004,0.0,0.8883599999999996,0.0,0.1116400000000004,0.0
10949790,0,0.6218699999999999,0.0,0.3781300000000001,0.0,0.6218699999999999,0.0,0.3781300000000001,0.0
10958968,0,1.0,0.0,0.0,0.0,1.0,0.0,0.0,0.0
10963040,1,0.7544399999999998,0.0,0.24556000000000022,0.0,0.7544399999999998,0.0,0.24556000000000022,0.0
10965702,1,0.6218699999999999,0.0,0.3781300000000001,0.0,0.6218699999999999,0.0,0.3781300000000001,0.0
10984450,1,0.7544399999999998,0.0,0.24556000000000022,0.0,0.7544399999999998,0.0,0.24556000000000022,0.0
10996067,0,0.7544399999999998,0.0,0.24556000000000022,0.0,0.7544399999999998,0.0,0.24556000000000022,0.0
10997930,0,0.7544399999999998,0.0,0.24556000000000022,0.0,0.7544399999999998,0.0,0.24556000000000022,0.0
11031897,0,0.8883599999999996,0.0,0.1116400000000004,0.0,0.8883599999999996,0.0,0.1116400000000004,0.0
11032730,0,0.6218699999999999,0.0,0.3781300000000001,0.0,0.6218699999999999,0.0,0.3781300000000001,0.0
11044389,0,1.0,0.0,0.0,0.0,1.0,0.0,0.0,0.0
11080766,1,0.8883599999999996,0.0,0.1116400000000004,0.0,0.8883599999999996,0.0,0.1116400000000004,0.0
11090471,0,0.7544399999999998,0.0,0.24556000000000022,0.0,0.7544399999999998,0.0,0.24556000000000022,0.0
11092833,0,0.7544399999999998,0.0,0.24556000000000022,0.0,0.7544399999999998,0.0,0.24556000000000022,0.0
11156570,0,0.8883599999999996,0.0,0.1116400000000004,0.0,0.8883599999999996,0.0,0.1116400000000004,0.0
11175470,0,0.8883599999999996,0.0,0.1116400000000004,0.0,0.8883599999999996,0.0,0.1116400000000004,0.0
11179969,0,0.6196200000000003,0.3803799999999997,0.0,0.0,0.6196200000000003,0.3803799999999997,0.0,0.0
11203549,0,1.0,0.0,0.0,0.0,1.0,0.0,0.0,0.0
11206781,0,1.0,0.0,0.0,0.0,1.0,0.0,0.0,0.0
11210950,1,1.0,0.0,0.0,0.0,1.0,0.0,0.0,0.0
11214970,0,1.0,0.0,0.0,0.0,1.0,0.0,0.0,0.0
11215986,0,0.7544399999999998,0.0,0.24556000000000022,0.0,0.7544399999999998,0.0,0.24556000000000022,0.0
11217514,0,0.7544399999999998,0.0,0.24556000000000022,0.0,0.7544399999999998,0.0,0.24556000000000022,0.0
11246177,0,1.0,0.0,0.0,0.0,1.0,0.0,0.0,0.0
11247144,0,1.0,0.0,0.0,0.0,1.0,0.0,0.0,0.0
11248492,1,0.8883599999999996,0.0,0.1116400000000004,0.0,0.8883599999999996,0.0,0.1116400000000004,0.0
11276025,0,1.0,0.0,0.0,0.0,1.0,0.0,0.0,0.0
11288632,0,0.6218699999999999,0.0,0.3781300000000001,0.0,0.6218699999999999,0.0,0.3781300000000001,0.0
11315741,1,0.7544399999999998,0.0,0.24556000000000022,0.0,0.7544399999999998,0.0,0.24556000000000022,0.0
11318823,1,1.0,0.0,0.0,0.0,1.0,0.0,0.0,0.0
11319620,0,0.8883599999999996,0.0,0.1116400000000004,0.0,0.8883599999999996,0.0,0.1116400000000004,0.0
11332348,0,0.6218699999999999,0.0,0.3781300000000001,0.0,0.6218699999999999,0.0,0.3781300000000001,0.0
11483837,0,0.8883599999999996,0.0,0.1116400000000004,0.0,0.8883599999999996,0.0,0.1116400000000004,0.0
11510141,1,1.0,0.0,0.0,0.0,1.0,0.0,0.0,0.0
11514392,0,0.6218699999999999,0.0,0.3781300000000001,0.0,0.6218699999999999,0.0,0.3781300000000001,0.0
11553586,0,0.7544399999999998,0.0,0.24556000000000022,0.0,0.7544399999999998,0.0,0.24556000000000022,0.0
11556826,1,1.0,0.0,0.0,0.0,1.0,0.0,0.0,0.0
11563660,0,0.7544399999999998,0.0,0.24556000000000022,0.0,0.7544399999999998,0.0,0.24556000000000022,0.0
11579112,0,1.0,0.0,0.0,0.0,1.0,0.0,0.0,0.0
11585113,1,1.0,0.0,0.0,0.0,1.0,0.0,0.0,0.0
11587185,0,1.0,0.0,0.0,0.0,1.0,0.0,0.0,0.0
11588105,0,1.0,0.0,0.0,0.0,1.0,0.0,0.0,0.0
11590099,1,0.7544399999999998,0.0,0.24556000000000022,0.0,0.7544399999999998,0.0,0.24556000000000022,0.0
11593238,0,0.6218699999999999,0.0,0.3781300000000001,0.0,0.6218699999999999,0.0,0.3781300000000001,0.0
11662273,0,1.0,0.0,0.0,0.0,1.0,0.0,0.0,0.0
11672705,0,1.0,0.0,0.0,0.0,1.0,0.0,0.0,0.0
11717156,0,1.0,0.0,0.0,0.0,1.0,0.0,0.0,0.0
11722708,1,0.7544399999999998,0.0,0.24556000000000022,0.0,0.7544399999999998,0.0,0.24556000000000022,0.0
11740586,0,0.8860200000000011,0.11397999999999886,0.0,0.0,0.8860200000000011,0.11397999999999886,0.0,0.0
11741491,0,0.8860200000000011,0.11397999999999886,0.0,0.0,0.8860200000000011,0.11397999999999886,0.0,0.0
11742935,0,1.0,0.0,0.0,0.0,1.0,0.0,0.0,0.0
11746282,1,1.0,0.0,0.0,0.0,1.0,0.0,0.0,0.0
11773351,0,0.7544399999999998,0.0,0.24556000000000022,0.0,0.7544399999999998,0.0,0.24556000000000022,0.0
11776149,0,0.8804400000000001,0.11955999999999989,0.0,0.0,0.8804400000000001,0.11955999999999989,0.0,0.0
11778258,0,0.7544399999999998,0.0,0.24556000000000022,0.0,0.7544399999999998,0.0,0.24556000000000022,0.0
11782352,1,1.0,0.0,0.0,0.0,1.0,0.0,0.0,0.0
11798638,1,1.0,0.0,0.0,0.0,1.0,0.0,0.0,0.0
11800377,0,0.8883599999999996,0.0,0.1116400000000004,0.0,0.8883599999999996,0.0,0.1116400000000004,0.0
11903517,0,1.0,0.0,0.0,0.0,1.0,0.0,0.0,0.0
11907102,0,1.0,0.0,0.0,0.0,1.0,0.0,0.0,0.0
11908759,1,1.0,0.0,0.0,0.0,1.0,0.0,0.0,0.0
11942572,0,1.0,0.0,0.0,0.0,1.0,0.0,0.0,0.0
11984428,0,0.7544399999999998,0.0,0.24556000000000022,0.0,0.7544399999999998,0.0,0.24556000000000022,0.0
12001876,1,1.0,0.0,0.0,0.0,1.0,0.0,0.0,0.0
12004820,0,1.0,0.0,0.0,0.0,1.0,0.0,0.0,0.0
12009101,0,0.8883599999999996,0.0,0.1116400000000004,0.0,0.8883599999999996,0.0,0.1116400000000004,0.0
12026796,0,1.0,0.0,0.0,0.0,1.0,0.0,0.0,0.0
12034946,0,0.6218699999999999,0.0,0.3781300000000001,0.0,0.6218699999999999,0.0,0.3781300000000001,0.0
12088688,0,0.8883599999999996,0.0,0.1116400000000004,0.0,0.8883599999999996,0.0,0.1116400000000004,0.0
12093942,0,0.7544399999999998,0.0,0.24556000000000022,0.0,0.7544399999999998,0.0,0.24556000000000022,0.0
12095288,1,0.8883599999999996,0.0,0.1116400000000004,0.0,0.8883599999999996,0.0,0.1116400000000004,0.0
12095533,0,0.8883599999999996,0.0,0.1116400000000004,0.0,0.8883599999999996,0.0,0.1116400000000004,0.0
12097890,0,0.8883599999999996,0.0,0.1116400000000004,0.0,0.8883599999999996,0.0,0.1116400000000004,0.0
12112495,0,1.0,0.0,0.0,0.0,1.0,0.0,0.0,0.0
12114492,0,0.8883599999999996,0.0,0.1116400000000004,0.0,0.8883599999999996,0.0,0.1116400000000004,0.0
12122647,0,0.6218699999999999,0.0,0.3781300000000001,0.0,0.6218699999999999,0.0,0.3781300000000001,0.0
12181116,0,1.0,0.0,0.0,0.0,1.0,0.0,0.0,0.0
12189089,0,0.8883599999999996,0.0,0.1116400000000004,0.0,0.8883599999999996,0.0,0.1116400000000004,0.0
12228074,0,1.0,0.0,0.0,0.0,1.0,0.0,0.0,0.0
12237927,0,1.0,0.0,0.0,0.0,1.0,0.0,0.0,0.0
12336689,0,1.0,0.0,0.0,0.0,1.0,0.0,0.0,0.0
12341499,1,1.0,0.0,0.0,0.0,1.0,0.0,0.0,0.0
12349956,1,1.0,0.0,0.0,0.0,1.0,0.0,0.0,0.0
12460352,0,0.8883599999999996,0.0,0.1116400000000004,0.0,0.8883599999999996,0.0,0.1116400000000004,0.0
12462194,0,1.0,0.0,0.0,0.0,1.0,0.0,0.0,0.0
12467162,0,0.7544399999999998,0.0,0.24556000000000022,0.0,0.7544399999999998,0.0,0.24556000000000022,0.0
12491915,1,1.0,0.0,0.0,0.0,1.0,0.0,0.0,0.0
12515664,0,1.0,0.0,0.0,0.0,1.0,0.0,0.0,0.0
12517999,0,1.0,0.0,0.0,0.0,1.0,0.0,0.0,0.0
12536197,0,1.0,0.0,0.0,0.0,1.0,0.0,0.0,0.0
12539803,0,1.0,0.0,0.0,0.0,1.0,0.0,0.0,0.0
12543359,1,1.0,0.0,0.0,0.0,1.0,0.0,0.0,0.0
12550928,0,0.8883599999999996,0.0,0.1116400000000004,0.0,0.8883599999999996,0.0,0.1116400000000004,0.0
12566305,1,1.0,0.0,0.0,0.0,1.0,0.0,0.0,0.0
12589627,1,1.0,0.0,0.0,0.0,1.0,0.0,0.0,0.0
12592359,1,1.0,0.0,0.0,0.0,1.0,0.0,0.0,0.0
12593329,0,1.0,0.0,0.0,0.0,1.0,0.0,0.0,0.0
12594261,0,1.0,0.0,0.0,0.0,1.0,0.0,0.0,0.0
12594996,0,1.0,0.0,0.0,0.0,1.0,0.0,0.0,0.0
12615754,0,0.6196200000000003,0.3803799999999997,0.0,0.0,0.6196200000000003,0.3803799999999997,0.0,0.0
12621803,0,0.6196200000000003,0.3803799999999997,0.0,0.0,0.6196200000000003,0.3803799999999997,0.0,0.0
12626041,1,0.4886700000000008,0.5113299999999992,0.0,0.0,0.4886700000000008,0.5113299999999992,0.0,0.0
12626231,0,0.4886700000000008,0.5113299999999992,0.0,0.0,0.4886700000000008,0.5113299999999992,0.0,0.0
12638851,0,0.4886700000000008,0.5113299999999992,0.0,0.0,0.4886700000000008,0.5113299999999992,0.0,0.0
12645853,0,0.4886700000000008,0.5113299999999992,0.0,0.0,0.4886700000000008,0.5113299999999992,0.0,0.0
12662262,0,0.35951999999999984,0.6404800000000002,0.0,0.0,0.35951999999999984,0.6404800000000002,0.0,0.0
12663845,1,0.35951999999999984,0.6404800000000002,0.0,0.0,0.35951999999999984,0.6404800000000002,0.0,0.0
12687734,1,1.0,0.0,0.0,0.0,1.0,0.0,0.0,0.0
12689191,0,0.4886700000000008,0.5113299999999992,0.0,0.0,0.4886700000000008,0.5113299999999992,0.0,0.0
12744703,0,1.0,0.0,0.0,0.0,1.0,0.0,0.0,0.0
12747066,0,0.8883599999999996,0.0,0.1116400000000004,0.0,0.8883599999999996,0.0,0.1116400000000004,0.0
12748452,0,0.7544399999999998,0.0,0.24556000000000022,0.0,0.7544399999999998,0.0,0.24556000000000022,0.0
12751727,0,0.6218699999999999,0.0,0.3781300000000001,0.0,0.6218699999999999,0.0,0.3781300000000001,0.0
12761395,0,0.7544399999999998,0.0,0.24556000000000022,0.0,0.7544399999999998,0.0,0.24556000000000022,0.0
12784487,0,1.0,0.0,0.0,0.0,1.0,0.0,0.0,0.0
12789816,0,1.0,0.0,0.0,0.0,1.0,0.0,0.0,0.0
12790913,0,1.0,0.0,0.0,0.0,1.0,0.0,0.0,0.0
12791802,0,0.0,0.6517700000000008,0.0,0.34822999999999915,0.0,0.6517700000000008,0.0,0.34822999999999915
12812467,0,1.0,0.0,0.0,0.0,1.0,0.0,0.0,0.0
12814085,1,1.0,0.0,0.0,0.0,1.0,0.0,0.0,0.0
12814326,0,1.0,0.0,0.0,0.0,1.0,0.0,0.0,0.0
12904946,0,1.0,0.0,0.0,0.0,1.0,0.0,0.0,0.0
12907069,0,0.8883599999999996,0.0,0.1116400000000004,0.0,0.8883599999999996,0.0,0.1116400000000004,0.0
12936380,0,1.0,0.0,0.0,0.0,1.0,0.0,0.0,0.0
12993808,0,1.0,0.0,0.0,0.0,1.0,0.0,0.0,0.0
12998180,0,0.8883599999999996,0.0,0.1116400000000004,0.0,0.8883599999999996,0.0,0.1116400000000004,0.0
12999831,0,0.6218699999999999,0.0,0.3781300000000001,0.0,0.6218699999999999,0.0,0.3781300000000001,0.0
13055065,0,0.7544399999999998,0.0,0.24556000000000022,0.0,0.7544399999999998,0.0,0.24556000000000022,0.0
13060554,0,0.7544399999999998,0.0,0.24556000000000022,0.0,0.7544399999999998,0.0,0.24556000000000022,0.0
13063833,0,1.0,0.0,0.0,0.0,1.0,0.0,0.0,0.0
13090033,0,1.0,0.0,0.0,0.0,1.0,0.0,0.0,0.0
13094767,0,1.0,0.0,0.0,0.0,1.0,0.0,0.0,0.0
13097569,0,0.6218699999999999,0.0,0.3781300000000001,0.0,0.6218699999999999,0.0,0.3781300000000001,0.0
13109180,0,1.0,0.0,0.0,0.0,1.0,0.0,0.0,0.0
13113275,0,1.0,0.0,0.0,0.0,1.0,0.0,0.0,0.0
13155051,0,0.8883599999999996,0.0,0.1116400000000004,0.0,0.8883599999999996,0.0,0.1116400000000004,0.0
13160265,0,0.8883599999999996,0.0,0.1116400000000004,0.0,0.8883599999999996,0.0,0.1116400000000004,0.0
13166580,0,0.6218699999999999,0.0,0.3781300000000001,0.0,0.6218699999999999,0.0,0.3781300000000001,0.0
